/playlist?id=5212877669,[EDM Progressive House] 感受电音正能量,431万,云音乐电音专区
/playlist?id=7336545029,[卧室漫游] 盖上被子 独享你心里的宇宙,119万,云音乐官方歌单
/playlist?id=5252671474,[Trip Hop] 神游舞曲 致幻神游,434万,云音乐电音专区
/playlist?id=7403566770,[健身必备] 动感节奏点燃训练激情,219万,云音乐官方歌单
/playlist?id=2829816518,[欧美私人订制] 最懂你的欧美推荐 每日更新35首,41794万,云音乐官方歌单
/playlist?id=7479923898,[HIIT一下] 热力节奏，极速燃脂！,70万,云音乐官方歌单
/playlist?id=7461646215,[她力量] 手握麦克风的她们势不可挡,88万,云音乐官方歌单
/playlist?id=7725920397,[徒步随响]深秋轨迹，在路途中找答案,16万,云音乐官方歌单
/playlist?id=2859214503,[一周欧美上新]Alec Benjamin热单《Paper Crown》重录发行,3689万,云音乐官方歌单
/playlist?id=7680903955,[出门大作战] 合着音乐不紧不慢,98833,云音乐官方歌单
/playlist?id=7461440491,[HipHop练习曲] 律动型歌荒拯救计划,168万,云音乐官方歌单
/playlist?id=5212729721,[欧美点唱机] 重温热播欧美流行单曲 每日30首,2748万,云音乐官方歌单
/playlist?id=6675213621,[当代节奏布鲁斯] 来一杯丝滑且醇厚的R&B咖啡,170万,云音乐官方歌单
/playlist?id=6654532835,[打游戏听说唱] 说唱律动是你最佳游戏伴侣,675万,云音乐官方歌单
/playlist?id=5395488578,[一周欧美说唱] 嘻哈众星云集Metro Boomin新专,756万,云音乐官方歌单
/playlist?id=2829779628,[运动随身听] 必听活力音乐燃料 今天运动了吗,8427万,云音乐官方歌单
/playlist?id=7669623718,Chill Time丨浸润于夜色中的一抹寂静,10万,丨IIIIIIIIII丨
/playlist?id=6948039584,微醺｜R&B 慵懒 浪漫氛围感,667万,-孤岛与海_
/playlist?id=7717519184,Chill Time丨围炉夜话 温酒煮茶,27693,丨IIIIIIIIII丨
/playlist?id=7641567359,Chill Time丨安逸恬静的舒适角落,22544,丨IIIIIIIIII丨
/playlist?id=7636411529,英文说唱丨欧美腔调与丝滑Flow的化学反应,42万,芳心收集人士
/playlist?id=2863615757,双倍快乐 | 听了心情会变好,394万,RgC2
/playlist?id=7559330337,Chill Time丨落日渐沉 晕染宁静小时光,10万,丨IIIIIIIIII丨
/playlist?id=6960440256,一些很欲 缠绵 性感 的歌｜欧美,354万,alwaysbeROMANTIC
/playlist?id=7647692003,『地下/匪帮/New Wave』Trap 陷阱说唱,43430,贝嘞个京泽
/playlist?id=7644469463,秋游絮语➹轻快律动，氤氲遐想氛围,18万,Martin网易云Carlos
/playlist?id=7711019881,暖心抚慰丨浪漫翻涌成诗 邂逅美好冬日,15223,丨IIIIIIIIII丨
/playlist?id=7629023289,清舒音萃♬灵动电子，加班必备,19万,Martin网易云Carlos
/playlist?id=7668604332,『欧美』单曲循环百遍都听不腻的优质女声,83608,冷森Listen
/playlist?id=7672668302,2小时沉浸式健身：开启电子碎脂机✔,10万,Martin网易云Carlos
/playlist?id=7228606210,[节奏控]【超好听的小众英文歌】,738万,h枯燥
/playlist?id=7635460898,欧美小调｜沉溺于温柔的迷人旋律,17550,永远ok丨
/playlist?id=7694702474,清新疗愈氛围☁沉溺灵动音律(˵¯͒〰¯͒˵),91554,Martin网易云Carlos
/playlist?id=7639357328,电子灵动夜♠假期宇航，独享欢畅,14万,Martin网易云Carlos
/playlist?id=7687416720,37.2°C电子❀遐想氛围，微醺治愈,52570,Martin网易云Carlos
/playlist?id=7737523640,西海岸说唱 | Trap陷阱给大脑过电,44218,让梦感动你
/playlist?id=7699408632,Justin Bieber | 起起落落归来仍是少年,48361,芳心收集人士
/playlist?id=6620086396,很chill的R&B歌单 节奏布鲁斯 欧美,1134万,alwaysbeROMANTIC
/playlist?id=7739228781,逃离城市计划｜别赶路 去感受路,44300,雾岛与歌
/playlist?id=2155383482,正宗好货 | 请打开随机播放收听,392万,Trickyboiii
/playlist?id=7685677806,欧美乡村民谣｜娓娓道来的故事,4762,榴芒小白粥
/playlist?id=7709164755,解压电子☁自律学习の心情调色盘,71129,Martin网易云Carlos
/playlist?id=7635705596,电子多巴胺：完美身材练出来✌,37979,Martin网易云Carlos
/playlist?id=7725696145,辣妹必入 糟糕已经开始辣了！,10420,晚秋月色
/playlist?id=7648026850,游戏宅专享♛助燃神曲，逆风也嚣张！,43401,Martin网易云Carlos
/playlist?id=7417914721,DOiS微醺 性感情调| 氛围感拉满,281万,迷藏lb
/playlist?id=7744826670,英式微醺 | 酿造浓郁香醇午间时光,18124,迷藏lb
/playlist?id=7671850006,节奏控•盘点那些忍不住单曲循环的电音歌曲,23258,冷森Listen
/playlist?id=7642263761,欧美电子⚡️甜美女声心动瞬间,63456,贝克克y
/playlist?id=7745046896,迎着风向驰骋 | 追赶日落的余晖,25201,迷藏lb
/playlist?id=2518831221,英文歌的天花板,3047万,ruiRuishy
/playlist?id=7676292648,戴上耳机｜一个人听｜全世界都是你的,30737,你的媛宝宝鸭
/playlist?id=2445945181,"我永远屈服于温柔，你是温柔本身",898万,杉茶先生
/playlist?id=7740415503,毒性Drill精选UK Drill+US Drill更新⬆,7910,YeahAyy
/playlist?id=6755721491,欧美｜落日黄昏浪漫至死不渝,247万,PinkSway
/playlist?id=7659052715,Future Bass✰恣意低音，潺暝滤波激流,20633,Martin网易云Carlos
/playlist?id=7696396254,电子情话：随微甜音弦摇曳生姿♥,7995,Martin网易云Carlos
/playlist?id=7663766562,欧美电子｜旋律柔和男声柔情似水,12682,Headhunter-z
/playlist?id=7702352213,溺幻男电：治愈磁嗓の浪漫美学,18781,Martin网易云Carlos
/playlist?id=7651646901,夜电空间站☁缥缈如梦，漫游女电宇宙,11275,Martin网易云Carlos
/playlist?id=5169111277,放轻松 就当漫游地球 来和我一起听吧！,1323万,大大怪怪阿姨
/playlist?id=7644330173,打工人必备｜通勤路上的必备单曲,25507,嘿-Tedua
/playlist?id=7665597792,【欧美】perception本人喜欢系列,11679,h枯燥
/playlist?id=7634432323,降暑海风：致瘾音浪，解除疲惫枷锁,8545,Martin网易云Carlos
/playlist?id=7711305853,小众嗜好丨想借你心头的月亮乘进一片浪漫,17193,丨IIIIIIIIII丨
/playlist?id=7671666225,欧美向 | 意境氛围感 沉溺于迷人旋律,5862,迷藏lb
/playlist?id=6881875036,[ 复古留聲机 ] 浪漫的千百种表达方式,146万,秋chill的首席推歌官
/playlist?id=7666692201,出游Vlog：惬心韵律，电子疗愈指南,14287,Martin网易云Carlos
/playlist?id=7630565572,灵魂休憩站丨世界平凡 却处处点缀着小奇迹,28966,丨IIIIIIIIII丨
/playlist?id=6954660951,「欧美」情遇英式小酒馆的浪漫✨,1048万,-沐安_
/playlist?id=7699218822,［欧美流行］唯美清新的动人格调,2620,南子容
/playlist?id=7714142065,孤独药剂 | 失意来袭如鲸落海底,26989,迷藏lb
/playlist?id=2952117017,晚安曲丨生活细碎 万物成诗,107万,丨IIIIIIIIII丨
/playlist?id=5032026292,小众歌单‖治愈温柔英文歌曲 ♬ ,444万,-孤岛与海_
/playlist?id=7779094592,刷题随想曲：醒目韵律，电子强心剂,6168,Martin网易云Carlos
/playlist?id=2561623331,那些好听到单曲循环的歌,1105万,_灵芝甘露
/playlist?id=5172099805,复古浪漫丨与你消磨精致而苍老的宇宙,173万,丨IIIIIIIIII丨
/playlist?id=5269453086,「Hip-hop研究所」潮酷出街丨开启你的Swag,195万,丨IIIIIIIIII丨
/playlist?id=7661865326,Future乌托邦♠赛博气息，沉溺致幻灵动,6147,Martin网易云Carlos
/playlist?id=7587529865,Chill Time丨游弋于晚风中的悠然心绪,58781,丨IIIIIIIIII丨
/playlist?id=6968174686,慵懒小众｜神曲级别迷幻吟唱,552万,花信空
/playlist?id=5240172096,戴上耳机•拥抱美好与今晚的秋风,538万,樱桃味音乐
/playlist?id=2174828773,【治愈】 清晨与落日，缓缓而幸福,438万,鼠一属二
/playlist?id=5180437876,日落大道｜晚霞棕榈下的复古心绪,369万,NeilShine_
/playlist?id=167966646,『New RnB』最新R&B味道，也许你都没有听过,293万,VEEZiE_WYGD
/playlist?id=7761920646,『欧美•精选』我要死在虔诚的雨夜里,82061,purpleUuv
/playlist?id=2771125155,盛夏荷尔蒙 | 通勤路上的心动旋律,416万,弄潮儿电台
/playlist?id=7479752224,「快乐星球」 会让你心情变好的英文歌,69万,柠暖鸭
/playlist?id=7710723557,2022 乡村音乐三榜冠军 + CMA 年终提名合辑,6395,伦敦酒吐座
/playlist?id=2236335577,英美老派情调┃一个人也可以幸福的安静听歌,157万,阡陌隐兮
/playlist?id=2393030002,开车听的美国乡村音乐（B）,507万,马克安德森
/playlist?id=2094091970,【R&B】慵懒的感觉非常舒服,3777万,猴里贵好想吃豆腐花
/playlist?id=3229941142,【R&B】在璀璨星河下微醺 喝杯小酒吧！,2375万,猴里贵好想吃豆腐花
/playlist?id=634740435,浪漫世界的R&B——咖 啡 馆,275万,LadyLuna_
/playlist?id=168315852,『R&B and RnB』R&B巅峰时期作品大全,136万,VEEZiE_WYGD
/playlist?id=2727853808,超级安利的午后必听英文歌曲,1298万,TeMpT-y
/playlist?id=7751945947,运动燃料｜畅享一剂兴奋燃脂,59117,雾岛与歌
/playlist?id=383630156,点进来记得开随机播放:),814万,VITESSE552
/playlist?id=7411788423,Chill Time丨夏日海风与棕榈树的浪漫遐想,57232,丨IIIIIIIIII丨
/playlist?id=509250429,酷仔俱樂部 | 型男辣妹都在听什么,75万,弄潮儿电台
/playlist?id=2709554023,好听到炸的英文歌单！！！好歌单，不解释。,1129万,cloud_杰
/playlist?id=7079126547,想和你一起微醺曖昧 ｜沦陷于此,234万,怡爆炸
/playlist?id=2882480606,法式清新°普罗旺斯里的浪漫时光,58万,鹿北浠
/playlist?id=6849008938,小众好听英文歌｜宝藏音乐时光,153万,Headhunter-z
/playlist?id=7701946542,Drift Phonk精选 来自冯克感漂移隐隐压迫感,2598,内啡肽_Fentany丨
/playlist?id=2015397679,适合努力学习英语时听的歌曲,2935万,xept
/playlist?id=22409444,独享时光，在旅行中找到自己,78万,墨_子陳
/playlist?id=433008347,寻一处僻静角落听大叔弹唱,755万,泥娃娃Doll
/playlist?id=7359306721,欧美小众| 惊艳世俗的极致氛围,71万,迷藏lb
/playlist?id=987527362,极致旋律丨超好听的欧美歌曲,1208万,马翊辰
/playlist?id=2853788694,Random丨听着就很快乐的英文歌,1285万,-柚梨-
/playlist?id=465977205,〖温柔男嗓〗 磁性的声音给你不一样的心动,745万,浮丨光
/playlist?id=6906940428,沉溺在致幻陷阱,63万,lOriagxN
/playlist?id=7657723477,欧美电驾EDM♛动感竞速模式ON！,18831,Martin网易云Carlos
/playlist?id=7422454990,旋律R&B｜梦幻、甜蜜、荡漾氛围的爱,113万,Bzstrive
/playlist?id=2623441208,『欧美』热榜pop流行宝藏英文歌曲·持续更新,235万,-李钟硕的yan儿-
/playlist?id=7705954077,电溺叛音☛节奏强心剂，越战越勇,8344,Martin网易云Carlos
/playlist?id=3081785422,床上的那些氛围感€̈,408万,JeanaChong
/playlist?id=571917644,「法式嗓音」美如画的意境,171万,八月夏末_
/playlist?id=2770619504,感觉会在纽约街头潮店听见的高级英文歌,406万,小熊一天吃两罐蜂蜜
/playlist?id=5066895299,黄昏序曲｜温柔节奏✘冷门宝藏旋律,66万,NeilShine_
/playlist?id=2748492595,欧美万评优质女声•萦绕耳畔忆于心间,3506万,冷森Listen
/playlist?id=7452127803,加州旅行丨逃离都市 落日下的浪漫飞驰,21万,丨IIIIIIIIII丨
/playlist?id=7602291258,［慵懒微醺］出逃吧 在日落黄昏前,70421,芳心收集人士
/playlist?id=6662878509,即刻律动 • 节奏当道 | R&B/Trap/Hip-Hop*,202万,Bronkent
/playlist?id=7622185848,「欧美民谣」温软小调，诗般美好,54666,倾天奏梦
/playlist?id=2653868848,【德语】莱茵河畔之风拂过心田,26万,Tiera_____
/playlist?id=7674077054,S1-S12英雄联盟全球总决赛主题曲,1913,Just-7ccc
/playlist?id=5475161057,民谣小调丨轻倚光阴 无尽闲暇在此刻,18万,丨IIIIIIIIII丨
/playlist?id=5474316010,『英文小调』你是我疲惫生活里的希望与糖,193万,陈笑一Joylyn
/playlist?id=4862269763,欧美男嗓丨那些怦然心动的瞬间 都和你有关,53万,丨IIIIIIIIII丨
/playlist?id=7392935677,悲伤情绪店•承受心天季候，度过无你的四时,29万,鼠一属二
/playlist?id=7636099627,动画｜赛博朋克：边缘跑手｜,48万,恰如你所爱
/playlist?id=3129171154,E xplicit 脏版,375万,kesh-i
/playlist?id=3101613217,【溫柔嗓音】keshi/demxntia,175万,月亮錯覺
/playlist?id=2703033645,『1w+热评』欧美万评撩耳男声（单曲循环）,6784万,冷森Listen
/playlist?id=2883560847,节奏感强的英文歌[抓耳的旅律不断响起],703万,冷艳争春喜烂然
/playlist?id=2941287037,那些好听又找不到的英文歌～,516万,RNG子轩
/playlist?id=2641429775,一个适合随机播放的英文歌单,127万,______飏
/playlist?id=2335937641,『走路带风』那些气场十分强大的歌曲,209万,挪威的童话
/playlist?id=7274227578,「R&B入耳即醉1.0」放松心情 缓解焦虑,97万,RyanZ阿郑
/playlist?id=7754275915,Melodic Dubstep☁浩瀚唯美，灵魂救赎,788,Martin网易云Carlos
/playlist?id=5377792761,开心能量棒 | 点亮心情的冷门宝藏,127万,弄潮儿电台
/playlist?id=6678233267,温暖爵士｜咖啡与猫，治愈周末时光,160万,十三逆旅Cobain
/playlist?id=2503601617,Trap｜R&B 在你的生命里加点黄色,155万,奇怪少女7
/playlist?id=2289361714,【99℃耳朵怀孕系列】值得单曲循环的英文歌,587万,是你的顾柒柒_cc
/playlist?id=373584919,『惊艳女声』那些旋律沦陷的英文佳作,2515万,棕鹿与独角兽
/playlist?id=2374986047,『惊艳男声』那些旋律沦陷的英文佳作,1353万,棕鹿与独角兽
/playlist?id=6606528455,欧美精选| 温柔轻唱，散步兜风恰好时,363万,数学能有什么坏心思呢
/playlist?id=1983368251,冷门另类 | 宝藏歌单,11万,UncleAllen_龍哥
/playlist?id=6860376211,好听的英文歌持续更新,849万,洛林s
/playlist?id=882129731,节奏感超好的英文歌,425万,你认识hwh吗
/playlist?id=2730291578,「皱起的雾」夜空中潜沉着死去的月亮,801万,独行的棕鹿
/playlist?id=2331033946,R&B/Jazz/Lofi/Neo Soul…适合跳舞的soul歌,10万,Rootskool
/playlist?id=6644781537,自信元气站 | 新一天的正能量补给,100万,弄潮儿电台
/playlist?id=11067348,世界顶级沙发酒吧音乐。,1605万,雰川水也
/playlist?id=395901752,〔天使坠落〕敏感是万恶之源,272万,Seumas
/playlist?id=2369249132,英式说唱的进化UK drill,15万,韭菜君总是如此慵懒
/playlist?id=7637183021,温柔英文｜暖风与花香的世界,322,贝克克y
/playlist?id=7636917706,那些一遍上头的BGM精选合集［百听不厌］,62927,Genight
/playlist?id=2634243359,=》晚安曲《= ⠀月亮今晚盖上了软fufu的棉被,964万,鹿北浠
/playlist?id=319588027,安德烈·波切利精选集~穿越心灵的声音,131万,音乐爵士-61F
/playlist?id=891370354,热血燃向｜提神醒脑防瞌睡型BGM,4862万,是走一步
/playlist?id=7750012737,居家清新电韵❀旋律与心情完美触碰,485,Martin网易云Carlos
/playlist?id=2218362915,“因为遇到了温柔的人 所以想温柔待人”,135万,树洞狸奴
/playlist?id=5010875832,闻香寻味｜时光沉淀后方感深邃,288万,52赫兹共振
/playlist?id=480953725,拽宝们必备 | Trap Rap 加持 一听不可收拾,158万,复古的心
/playlist?id=455529212,慢节奏欧美 | 轻吟倾诉，晚来之时风停雨落,88万,Themint
/playlist?id=89272476,在欧洲田园般的乡村小路骑单车/不定期更新,895万,DutchDanny
/playlist?id=6919282294,Hip-hop | 又拽又酷的小姐姐歌单,290万,WUlian_M
/playlist?id=6839052279,惊艳女嗓丨极致个性 闻声心动的旋律,155万,丨IIIIIIIIII丨
/playlist?id=5483061073,10w+评的英文歌 极品好听,501万,是橙子不是橘子a
/playlist?id=5200022097,微醺 慵懒 高级感 [又纯又欲],662万,邓邓yuuuu
/playlist?id=2836076568,『晚安夜曲』万籁俱寂，与世界共眠,323万,十三逆旅Cobain
/playlist?id=5259216619,【2022 Indie Music 全球鉴赏】新歌推荐,20万,伦敦酒吐座
/playlist?id=6849275494,舒适节奏丨日光微醺 静享午后惬意时刻,30914,丨IIIIIIIIII丨
/playlist?id=5153592120,惬意舒适★温馨的阳光照着柔软的枕头,659万,樱桃味音乐
/playlist?id=6883618134,【节奏控】一秒心动专属欧美精选,349万,稥澍
/playlist?id=2163570373,➡️一听就上瘾的英语歌曲⬅️❤️,535万,雪宝krit
/playlist?id=5259255791,情窦初开年华，能有幸遇上你。,186万,Laurieer
/playlist?id=7599174336,R&B氛围丨万缕柔情 拂动心弦,41834,丨IIIIIIIIII丨
/playlist?id=5204401228,『R&B』温柔与慵懒交织的氤氲梦境,381万,irot1npieces
/playlist?id=2237048282,【万评电音】抬头，已是一片星海,2302万,谐星七十六号
/playlist?id=2632895324,欧美流行 | 好听到单曲循环的宝藏歌曲,500万,青钢怎可恋人影
/playlist?id=2746193185,"卧室温柔/性感/慵懒向/u are my desire.",277万,脏鱼L
/playlist?id=2693651565,欧美轻松小调丨洗澡/自嗨/刷牙/护肤/写作业,517万,babeejoey
/playlist?id=6960118200,当我在地铁上误连别人的手机蓝牙后,248万,酥崽子今天早点睡嘿
/playlist?id=7623827624,微醺温柔/R&B旋律的浪漫,64050,MAOYOUGG
/playlist?id=2584413932,R&B | 极致女声-或低沉性感或甜美柔情,540万,口袋里的黑白键
/playlist?id=802186231,安静的英文歌，舒缓心情,411万,戴尔摩斯
/playlist?id=932071711,画画时听的歌 艺术 设计 (专注的做一件事),343万,无所谓的灵魂
/playlist?id=7488984978,暖阳微醺｜所幸世上有光总会相遇的,28万,月亮藏不住的小情绪
/playlist?id=6597679343,慵懒随性 | 戴上耳机舒适度100%,782万,期待每次见面
/playlist?id=5193221116,黄昏将至| 蓝调R&B奏响日落橘海,29850,迷藏lb
/playlist?id=2411629173,温柔英文歌-睡觉专用,3700万,柚uze
/playlist?id=2140808907,Louis Vuitton 路易威登（店内曲精选）,340万,Carroll-Hall-Shelby
/playlist?id=2521376051,宿醉感 | 在一个暮色沉沉的早上醒来,412万,未完成的渥修斯基
/playlist?id=129706870,【监听煲机测试】母带32BitDSP 24K德国HD,171万,马文威
/playlist?id=77695007,超好听的小清新英文歌1,1375万,yml-michelle
/playlist?id=2979201561,「下午茶」街角咖啡店 悠闲下午茶,144万,Amber丶Queen
/playlist?id=6607186274,Vintage | 复古漩涡 让灵魂保持分解,61万,尘埃之海
/playlist?id=5363172472,很温柔吧 | 一秒沦陷的小众沉溺嗓音,562万,布洛芬解药
/playlist?id=7722484417,星际漫步物语☛慢节奏燃脂格调,280,Martin网易云Carlos
/playlist?id=6994450975,【浓情爵士】久经思念的黄昏，缓缓而来的你,22万,鼠一属二
/playlist?id=2856131956,英文歌|干净舒适温柔治愈系,1225万,-倦猫_
/playlist?id=7026289543,日落兜风丨 穿梭在光影之间的跃动音符,22万,丨IIIIIIIIII丨
/playlist?id=2839184829,超级无敌好听的英文歌.,1830万,TXJS007
/playlist?id=2513522691,梦龙 酷玩 魔力红 林肯公园 共和时代,62万,-Crist-Francis-
/playlist?id=54064296,◎情调【怡情咖啡屋】,104万,潮画
/playlist?id=2161803752,欢快小调·清凉节奏唤醒你的抖腿因子,565万,树洞狸奴
/playlist?id=19971832,20首欧美经典电影的经典金曲,151万,墨_子陳
/playlist?id=7657263116,慵懒～放空|让那些不好的情绪都消失吧,1563,__komorebi-_
/playlist?id=429253487,Hip-Hop/90s/Golden Age/Old School,74万,ZTM41
/playlist?id=7739212509,『刷题充电宝』奋笔疾书，思绪动起来！,1048,Martin网易云Carlos
/playlist?id=7743155621,俄语·听不懂也能爱上的旋律,11124,AdeeL丨
/playlist?id=2678572883,开口就是沦陷～,519万,C99S4
/playlist?id=7018479608,灵魂歌手Adele回归|空灵嗓音诠释纯粹深情,352万,网易云音乐
/playlist?id=36432129,NICE SONG 金曲集,289万,雰川水也
/playlist?id=2514269356,欧美微醺 · 韵味十足的高级爵士女嗓,561万,shakemyhead
/playlist?id=311692545,【民谣盛宴】100首必听欧美民谣,3076万,pure日月
/playlist?id=7658518955,【Pitchfork】90年代最佳250首歌曲,8918,Keung13
/playlist?id=2160524528,经典而又浪漫的爵士乐，绝不能错过,46万,云音乐曲库
/playlist?id=7640890321,Future Bounce⚡弹跳音律，失重金属领域,2090,Martin网易云Carlos
/playlist?id=153717657,慵懒鼓点 舒服到骨子里,270万,云村人
/playlist?id=2920934734,『怀旧欧美』百首不得不听的英文经典,148万,枫jackie
/playlist?id=7748364873,运动不息｜保持速度 尽享呼吸间的酣畅淋漓,62531,ClairoToday
/playlist?id=2414158210,英语课上的那些英文歌【青春印象】,1766万,云音乐曲库
/playlist?id=5352821257,「欧美」比伯 萌德 戳爷 碧梨 断眉 黄老板.,588万,艾尔艾克斯
/playlist?id=2151381888,『欧美风』节奏感｜运动｜醒脑｜耳孕专用,429万,Cceciliao
/playlist?id=2077372083,女声控 | 愿你被这世界温柔以待,68万,薄荷奶啵啵
/playlist?id=7674912583,迷醉微醺R&B｜灵魂比肉欲要性感得多,27508,夏日与晚安君
/playlist?id=1984845175,『Taylor·Swift』美国甜心的音乐世界！全集,21万,Chloris-Cc
/playlist?id=3018739880,晚安曲‖开普勒的浪漫 只有银河知道,307万,ClairoToday
/playlist?id=7755264499,冬日氛围｜寂寥旋律 虚无缥缈的疏离,44602,Bzstrive
/playlist?id=932176943,「PB-R&B 」另类迷幻的空灵音律。,453万,JazzLove
/playlist?id=2051476669,trap，嘻哈榜，（最洗脑的歌曲）,171万,Boy2099
/playlist?id=398767929,新迷幻/Dreampop｜灵魂泳池,66万,南北包子君
/playlist?id=7628982676,黑胶酒馆|耳畔的浪漫眼中的你,6937,爱做音乐的E8r
/playlist?id=647135926,『欧美前奏控』论歌曲前奏的重要性,1642万,冷森Listen
/playlist?id=630304838,溫柔宇宙的核心,309万,i9xx
/playlist?id=7376592408,郊游必备丨沿路的旅途邂逅美妙的奇遇,42万,丨IIIIIIIIII丨
/playlist?id=7709014791,Chill Time丨一个人的惬意与安宁,123,丨IIIIIIIIII丨
/playlist?id=504347934,开口就爱上的欧美音乐【慎点！】,6329万,ModernTony
/playlist?id=987359473,戳爷 六公主 碧梨 萌德 断眉 黄老板 joji…,588万,-Crist-Francis-
/playlist?id=2186405575,【Rap】说唱嘛 跟着晃就完事了,614万,猴里贵好想吃豆腐花
/playlist?id=768352357,深情密码 | 醉入沧桑男嗓的岁月与沉浮,168万,KillBunny
/playlist?id=2818648102,「雷鬼音乐500首精选」雷鬼党必藏歌单,34万,侠侣亲子-许天准
/playlist?id=2848226139,欧美｜极品旋律 无限循环！,1671万,跟风的胖虎
/playlist?id=7448280652,纵享丝滑好旋律,43549,lOriagxN
/playlist?id=7635470680,欧美说唱丨惊艳耳膜的快乐音符,2262,永远ok丨
/playlist?id=5472208221,欧美|单曲循环系列「持续更新」,95万,人帅个高小汤姆
/playlist?id=6907243774,好听到爆的温柔英文歌曲,60764,wzh1one
/playlist?id=2324605704,【化妆】拽姐的专属BGM,2159万,单杀修女_
/playlist?id=7738198309,「冬日恋歌」有你在才是冬天该有的模样,25727,夏日与晚安君
/playlist?id=7212442830,「欧美说唱」温柔rap唱给你听,62532,The_Shire
/playlist?id=7723787675,历久弥新丨放在时间胶囊里的经典记忆,26126,丨IIIIIIIIII丨
/playlist?id=7634755939,曼哈顿海滩的夜晚｜空气中绵延着迷人的情调,6367,戴知山
/playlist?id=6940116169,橘色心情｜驾车飞驰在黄昏下的日落大道,363万,Evelauren
/playlist?id=985540853,「荒诞的梦」末日余欢与最后的狂奔,90万,苏子星河
/playlist?id=3163139856,悠悠时光｜语调轻柔的诉说一场浪漫,191万,Bzstrive
/playlist?id=478761222,仙女化妆/洗澡/敷面膜歌单 卡点 节奏,577万,浪漫土土
/playlist?id=443637511,欧美轻快小调//让烦恼随风飘散,1946万,赋魅
/playlist?id=473759386,〖优质男嗓〗听到就心动的声音,952万,浮丨光
/playlist?id=7752730266,运动必备 | 跑在风里 是热爱生活的开始,1691,月亮藏不住的小情绪
/playlist?id=7388247922,节奏控｜怦然心动的优美旋律,20万,这条平凡的狗_QwQ
/playlist?id=2798921885,R&B·沉浸在克莱因蓝的浪漫中,53万,干饭小天才丶
/playlist?id=520172117,♪适合学习英语的歌曲,898万,--苏麻离青--
/playlist?id=2729246388,欧美烟嗓丨大叔嗓、,36万,pwdkzl
/playlist?id=2873336061,旋律说唱，听你诉说这个世界,443万,原点FM
/playlist?id=2296601213,青柠味复古 ✘ 凌步夏傍西海岸的空幻,667万,-XxxGreyenios-
/playlist?id=7753637092,【精选车载音乐】【Maxinida Aglag】,250,DJ-Moriss
/playlist?id=372908519,史上最耐听的经典英文歌曲与名人异国同唱,145万,马文威
/playlist?id=404203653,275首值得一生欣听的英文歌,992万,帝歌-世界因你而更美好
/playlist?id=2392949338,开车听的美国乡村音乐（A）,82万,马克安德森
/playlist?id=7708525447,蓝调R&B｜布鲁斯 旋律的随性与独特,33577,蛋壳Maxd
/playlist?id=6855863619,Bedroom Pop森室恋歌/都市人的忘忧乐园,19万,零度光影乄
/playlist?id=5307191849,声色撩人丨一见倾心 迷醉旋律摄入100%,20万,丨IIIIIIIIII丨
/playlist?id=2729114851,欧美经典丨乡村音乐、,10万,pwdkzl
/playlist?id=86886745,「指环王」中古民谣，凯尔特中古风,543万,烈雨
/playlist?id=7774799150,除躁电境☁心随音动，悠然宜放空,132,Martin网易云Carlos
/playlist?id=7013835226,秋日咖啡店 | 充满阳光的下午茶,17万,樱桃味音乐
/playlist?id=2623057239,【节奏控】｜健身歌单,261万,STAGE-G
/playlist?id=15425552,可以单曲循环的摇滚歌曲,179万,墨_子陳
/playlist?id=378139503,『Neo Soul』了解一下新感觉灵魂乐吧,110万,VEEZiE_WYGD
/playlist?id=7667792137,灵魂R&B✨旋律如云☁️飘渺随性,30739,蛋壳Maxd
/playlist?id=7762028848,「跑步歌单」come on一起变好！,353,h枯燥
/playlist?id=2651023300,英文歌循环·质感轻柔且温暖迷醉,517万,Anjunadeep
/playlist?id=458817741,·6ix Star吹爆好听英文歌,216万,人美声甜36X
/playlist?id=4926322,顶级潮牌门店音乐,286万,雰川水也
/playlist?id=2729238249,欧美经典丨蓝调布鲁斯、,18万,pwdkzl
/playlist?id=47400879,灵 魂 之 声 | R&B S O U L,115万,雰川水也
/playlist?id=731340834,油 管 `好听到爆的英文,1561万,神不登登-
/playlist?id=2016107008,会让你心情变好的英文歌单❤,7525万,阿萌酱小可爱
/playlist?id=2040074016,「女声控」音色沁人心 旋律美如画,1271万,怪兽Sound
/playlist?id=7565036487,欧美撩耳旋律｜心动节拍♥浪漫主义,22万,Martin网易云Carlos
/playlist?id=7724710164,I'm the Queen ｜ 拽姐专属BGM ,1229,COOLIN1217
/playlist?id=2875321368,Trap Rap R&B 杂…」,919万,Krixx_
/playlist?id=65965637,牙买加：阳光沙滩朗姆酒，蓝山咖啡雷鬼乐,67万,YouTube热门日推
/playlist?id=2738759532,『爵士音乐』情醉意迷，微醺慵懒的酒馆,572万,一生向海
/playlist?id=5231163116,【慵懒舒缓向】给你恰到好处的愉悦,174万,W-沙丁鱼罐头
/playlist?id=7661997320,假期出游｜身体和灵魂总有一个在路上,4719,夏日与晚安君
/playlist?id=7585174821,轻快节拍丨拒绝emo 收揽一天的好心情,43976,丨IIIIIIIIII丨
/playlist?id=5122277984,电影留声｜大叔嗓音 唱尽沧桑,47万,下一颗巧克力
/playlist?id=7536883235,浪漫情调丨烛光下的微醺小酒馆,43435,丨IIIIIIIIII丨
/playlist?id=2661667887,直抵心灵深处的欧美伤感女嗓,944万,-电音迷弟
/playlist?id=532401498,〖节奏控〗欧美女声让人中毒的旋律,488万,-电音迷弟
/playlist?id=6613382982,精选｜雷鬼·Reggae节奏蓝调抒情音乐,23万,知心0316
/playlist?id=312734124,【节奏控】超带感的英文歌（经典篇）,16306万,原点FM
/playlist?id=2144037259,经典英语歌曲300首-听歌学英语,128万,野寁
/playlist?id=7751208464,欧美小调：再次相遇记得给我买一束花,3169,常迷道故
/playlist?id=7506664469,放松心情丨捕捉美好 享受一份宁静的惬意,11万,丨IIIIIIIIII丨
/playlist?id=2314766620,『电音女毒』女声响起，即沦陷之时,1215万,HUMAN00
/playlist?id=7533927134,欧美女电❀治愈节拍，心跳撩耳派对,30万,Martin网易云Carlos
/playlist?id=7724678602,治愈向｜ 温柔飘游在浪漫音乐时空,4457,COOLIN1217
/playlist?id=2570474270,专业修复您的耳朵-R&b,108万,6k1Ms
/playlist?id=739981123,响指系｜沉醉于清新悦耳的响指节奏中♬,815万,-电音迷弟
/playlist?id=7711117075,【欧美经典】怀旧时光机准备就绪,26937,贝克克y
/playlist?id=5352120320,R&B | 撩动旋律，引入深邃眼眸,233万,生活委员
/playlist?id=2656845942,三分高冷 七分性感 穿过耳膜亲吻你,553万,Anjunadeep
/playlist?id=7749821348,迷幻电子 | 空灵仙气沉浸幻境,29318,贝克克y
/playlist?id=2017842999,呢喃细语 · 触电般的酥麻感侵入全身,897万,qhuiya
/playlist?id=7755455932,静谧 | 解忧星空，倾听蓝色浪漫,448,迷藏lb
/playlist?id=5389381525,星空电子「极致电音」逃离梦境的宇航员,76万,PeterMckinnon
/playlist?id=6619500494,Photography | 复古胶片 梦境漫游,116万,尘埃之海
/playlist?id=2942278931,论怎么做一个酷而有品的人,155万,ChokeWhale
/playlist?id=7601516373,动感DJ：电感EDM与无尽亢奋⚡,87404,Martin网易云Carlos
/playlist?id=878055250,没什么比唱起Jazz的你 更性感了,331万,KillBunny
/playlist?id=2106523616,new / 欧美/ 浪漫 / 治愈 2.0,375万,New1an
/playlist?id=469650054,欢快小节奏 天天好心情,120万,这条平凡的狗_QwQ
/playlist?id=982458656,最经典欧美乡村音乐集锦,28万,白浪羨人
/playlist?id=85106466,沧桑●欧美大叔，入耳即醉的经典,2003万,-_Coldplay_-
/playlist?id=17044038,100首经典英文歌曲排行榜*上篇,2927万,pure日月
/playlist?id=6620195607,复古浪潮 | 日落兜风 穿梭于变换的霓虹灯间,102万,期待每次见面
/playlist?id=2674271194,小众且惊艳 • 私人英文宝藏单曲,332万,OmenTwwnmfm
/playlist?id=404263661,【节奏控】超带感的英文歌③（惊艳篇）,3443万,原点FM
/playlist?id=549368187,欧美嘻哈＆【篮球节奏控】,766万,毒克文
/playlist?id=124923559,【百年经典】欧美时光穿梭机,166万,ModernTony
/playlist?id=981591899,「欧美治愈」愿你被这个世界温柔以待,143万,夕日向暖
/playlist?id=389177356,「欧美」开口跪 旋律脆 节奏控,53万,pwdkzl
/playlist?id=5209517392,R&B | 挽留于心的撩人节奏,219万,生活委员
/playlist?id=7710688301,【跑步歌单】节奏感超强燃烧卡路里,1930,JJSSTTBBBB
/playlist?id=7348024286,英语四级丨洗脑背单词无意识记忆,11万,宇杭_歌单文案分享看主页
/playlist?id=7608197601,治愈男嗓｜陷入柔煦之森的温柔呢喃,43241,芳心收集人士
/playlist?id=7616549503,好身材必备！燃脂电音，沉浸心动节奏,98014,Martin网易云Carlos
/playlist?id=2082967510,〖私藏〗越听越有感觉的英文歌,398万,林Bucheon
/playlist?id=109308645,咖啡馆里一本书，邂逅一首爵士,749万,desnuages
/playlist?id=373270611,1000首好听英文歌,123万,做个爱笑的大男孩
/playlist?id=110943637,慵懒、烟酒和感人,1165万,窺鏡自憐
/playlist?id=83105064,257位西海岸说唱歌手精选,360万,EmBanks_Arman
/playlist?id=7595367606,听见好心情丨徜徉于暖风中的元气因子,42351,丨IIIIIIIIII丨
/playlist?id=7656666886,【法式浪漫】柔情脉脉，优雅温柔,935,我你爹奥
/playlist?id=5316109682,Evergreen | 复古浪潮 温情时光,125万,尘埃之海
/playlist?id=2464078995,ʚɞ精致的猪猪女孩化妆歌单,728万,JeanaChong
/playlist?id=7438875716,微醺慵懒 | 趁着醉意和你讲浪漫和爱,18万,月亮藏不住的小情绪
/playlist?id=2664297240,『乡村音乐』舒适惬意，田野休闲好时光,38万,一生向海
/playlist?id=5344775532,复古系|光怪陆离的幻想之旅,114万,Spectual
/playlist?id=7467635660,精致女嗓丨俘获心动的迷人旋律,14万,丨IIIIIIIIII丨
/playlist?id=134606748,【毒】开口沉醉，迷失于这女声,1598万,瘦茶
/playlist?id=7359295346,【英文】温柔治愈开口跪系列！,13万,热心音乐人橘子
/playlist?id=5469009904,梦龙乐队『精选免费』,118万,林肯公圜
/playlist?id=452527805,清新节奏控//愉悦就在弹指间,42万,赋魅
/playlist?id=451222004,学霸计划|反正都要听歌，不如顺便记词汇,1339万,Nemuree
/playlist?id=692254353,国外超级swag的说唱音乐 trap boombap,324万,拒分
/playlist?id=6776379524,欧美向｜生活总是充满美好的,331万,小黄啾眯
/playlist?id=7759767757,欧美R&B·节奏布鲁斯巅峰作品 耳机里的律动,60,内啡肽_Fentany丨
/playlist?id=7348482600,【欧美乡村】民谣深处的另一个时光小巷,27529,星空悟羽
/playlist?id=7722171803,Chill Time丨晚风轻佛 醇享冬日柔音,103,丨IIIIIIIIII丨
/playlist?id=2687869264,比伯 戳爷 霉霉 碧梨 艾薇儿 火星哥 麦姐,283万,花花甜莓日系
/playlist?id=2417401611,行走的CD | 莫若此刻最缠绵,75万,KillBunny
/playlist?id=7386964160,元气指南丨轻快节奏与迷人嗓音的极致律动,87169,丨IIIIIIIIII丨
/playlist?id=3127807964,情绪不好就不爱说话,114万,决劣
/playlist?id=2390539027,【欧美】那些让耳朵怀孕的英文歌曲～,5144万,Mysterious-Box
/playlist?id=102689614,发烧男声 当·威廉姆斯,96万,老乔-如歌
/playlist?id=750259340,|大叔嗓| 把灵魂里的深情唱给你听,338万,-TRTan-
/playlist?id=4962813565,浪漫薄暮 | 勃艮第红色天空下的温柔絮语,57万,后现代养猪专业户
/playlist?id=7607455542,『欧美』节奏轻快&旋律好听英文歌曲,13955,芳心收集人士
/playlist?id=310719068,|刷题| 写作业专用特效药,1076万,-TRTan-
/playlist?id=5455674946,晚安序曲 | 把浪漫和温柔藏进美梦里,72万,与银河对视
/playlist?id=2777953134,巨温柔的英文歌✨,1132万,奈奈生晴子
/playlist?id=2049779104,辣妹听hiphop!!,756万,CreepyCreepyCreepy
/playlist?id=405337496,「无径之林」春末里的废墟,176万,独行的棕鹿
/playlist?id=2325024301,【游戏必备BGM】旋律系电音伴你自由畅玩！,816万,谐星七十六号
/playlist?id=5200944839,欧美流行歌曲｜好听到单曲循环,836万,G寄予
/playlist?id=504855461,欧美•舒缓•助眠『许你一晚安眠』,174万,-Lilian
/playlist?id=5474594286,心动模式•今日份的美好旋律与明朗节奏,87万,樱桃味音乐
/playlist?id=7710280234,极致治愈 | 遇见每一场晚霞 把温柔留在心底,92,月亮藏不住的小情绪
/playlist?id=2774769182,小众冷门 · 品味高级,27万,ProzacXanax
/playlist?id=5003037677,自嗨必备||200首优质HipHop歌曲精选,83万,JealousBoy
/playlist?id=2712936322,踩点 | 前方高能 让你欲罢不能的BGM,4548万,Vxe-
/playlist?id=7660988987,假日限定｜休闲&旅行 这个假期由你决定,30284,蛋壳Maxd
/playlist?id=7640377432,欧美｜如果再也不能见到你祝你早安午安晚安,36412,夏日与晚安君
/playlist?id=7551130936,弹跳力测试｜运动电音，塑造窈窕身材,11万,Martin网易云Carlos
/playlist?id=7571144972,假日Vlog｜跃动节奏，空灵奏鸣曲,13万,Martin网易云Carlos
/playlist?id=7585522896,假日心动甜美｜注入一剂电音活力剂,92642,Martin网易云Carlos
/playlist?id=2141010431,独处伴侣｜飘到地球尽头,100万,赋魅
/playlist?id=7562477050,消暑薄荷电韵☀悠游空灵节奏浪潮,14万,Martin网易云Carlos
/playlist?id=4882049068,心不被人事物羁绊 生活会特别轻盈自在,56万,樱桃味音乐
/playlist?id=3088426772,欧美小调° | 冬日舒适心情指南,563万,Feillica
/playlist?id=440561933,当女声邂逅电音：百首精选,6505万,xept
/playlist?id=60662715,越练越High 20首（肆）女声专场,180万,丁炜
/playlist?id=5806476,Taylor Swift（泰勒-斯威芙特） 天籁之灵,241万,随风入梦
/playlist?id=2952088224,云端漫步丨迷失在如梦似幻的北欧仙境中,157万,丨IIIIIIIIII丨
/playlist?id=2634203521,迷死人的前奏 百听不厌的前十秒,1169万,螚安Vivienne
/playlist?id=5383783763,冷门电音丨当同频灵魂遇上惊喜宝藏,91819,-Pherusaaaa
/playlist?id=774175747,保持乐观，热爱音乐，每天起来吃早餐！,1528万,向来歌哥
/playlist?id=2305854356,一级警报：小哥哥你甜度值爆表了啦,314万,KillBunny
/playlist?id=3012142454,晚安曲 愿一切美好的事物伴你左右,389万,樱桃味音乐
/playlist?id=7485613983,欧美经典 | 用一首歌回顾流金岁月,44809,芳心收集人士
/playlist?id=7556821079,『欧美民谣』在夜半的小镇享受安静,14万,我你爹奥
/playlist?id=1997189512,北欧民谣 | 赐你一剂澄净安逸的心灵圣药,1363万,Xthousis6
/playlist?id=6595240183,「空灵飘渺」冰天雪地中的绝美吟唱,26万,空山鹤行
/playlist?id=367179654,45度角仰望天空才是听朋克的正确姿势,337万,帅到掉渣
/playlist?id=377552261,【节奏控】超燃带感英文歌,674万,胖座不能橘
/playlist?id=2523761864,希望你的可爱，可以治愈一切烦恼,1733万,mayuko然
/playlist?id=111126364,超赞！跑步燃脂的健身运动节奏,884万,瑾妤汐
/playlist?id=554846241,「慵懒吟唱」柔美又脆弱的疏离,520万,JonathanHyden
/playlist?id=7469766336,开车必备|安全驾驶 音乐交给我（总和持更）,62809,NavyBluuueSkies
/playlist?id=4874886418,无前奏系列 | 心动挑战，耳朵喜欢好音乐,562万,olly的牙缝
/playlist?id=2679916677,『Melodic Rap』 | 令人沉醉的旋律说唱 |,512万,HsiungTheKid
/playlist?id=2906456704,轻快音乐 一键开启今日份满满活力,432万,樱桃味音乐
/playlist?id=2087193208,永远的霉霉（vip专享）,215万,SJ_小石子
/playlist?id=2255720648,〖私藏〗节奏盛宴，总有一首你的单曲循环,1075万,名侦探-柯北
/playlist?id=7390521666,游戏电子 | 辅助也可以逆风翻盘呀！,24万,Martin网易云Carlos
/playlist?id=7569305333,欧美节奏控☁仙女嗓音&捕音捉影,84422,Martin网易云Carlos
/playlist?id=7724650088,轻欢曲调丨烦恼解忧音药,239,COOLIN1217
/playlist?id=7777387307,欧美清新馆：氤氲电流，撩人心弦,76,Martin网易云Carlos
/playlist?id=804228172,精选Psy Trance丨致人深度出神的电子巫术,99605,Shamania_Hermesavic_Raven
/playlist?id=442341746,✞PB R&B✞新派R&B✞另类R&B✞,47677,VEEZiE_WYGD
/playlist?id=533582963,开口即俘获人心，一听就爱上的英文歌,2635万,原点FM
/playlist?id=7118964156,耳机分你一半,19万,Liuuuy7
/playlist?id=7546517709,♛【法语温柔女声】给夜加点幽雅浪漫♡,41742,Alim_Official
/playlist?id=2825552570,刷题|节奏轻快旋律惊艳的欧美歌单!!,552万,周二下午八点
/playlist?id=2734329573,超级温柔治愈的英文歌曲,181万,静静nice哦
/playlist?id=6880655744,温柔至极 • 失望世界的避难所,100万,OmenTwwnmfm
/playlist?id=7562782562,健身必备热电｜燃脂律动，训练核心力量,13万,Martin网易云Carlos
/playlist?id=118321798,【欧美翻唱】叫醒耳朵系列,2526万,零下Young
/playlist?id=543660166,欧洲中古、凯尔特、爱尔兰、北欧民谣,39万,YTsuki
/playlist?id=7748833148,在田园共进野餐 | 尽享自然的诗意,170,迷藏lb
/playlist?id=538190807,好听到爆英语歌曲，绝对耳熟,1180万,南风过西洲__
/playlist?id=2937630080,超好听的欧美歌单,318万,Liiiazy
/playlist?id=2536552183,R&B | 漫漫寒夜庇护所,146万,CoolKidsShelter
/playlist?id=2812485332,晚安 引起极度舒适的美好梦境,545万,西柚甜
/playlist?id=7506971090,别再拖延！随电而动，塑造强健体魄✰,21万,Martin网易云Carlos
/playlist?id=4988927144,chillin’,83万,Jennxu
/playlist?id=720230976,酥心收割机 ✘ 甜筒般一撩即化的空幻,40万,-XxxGreyenios-
/playlist?id=7477547538,在舒缓的旋律中陪你渐入佳境,40681,遇见-Music
/playlist?id=2256615030,「高质量英文歌」让你单曲循环的英文歌,1870万,咕咕呜呜鱼
/playlist?id=2467758690,魅惑软饮‖Downtempo/Lounge music,19621,亦喂亦EVEPHY
/playlist?id=9385273,Norah Jones 诺拉-琼斯 女爵士歌手,159万,随风入梦
/playlist?id=6706607989,5starPG的音乐分享(更新中),35万,5starPG
/playlist?id=7501743753,『欧美仙嗓』轻甜攻势♡纵情享受,63897,Martin网易云Carlos
/playlist?id=7455388226,卧室音乐丨一个人时的闲暇氛围感,16万,Bzstrive
/playlist?id=768047050,【节奏控】一听就上瘾的惊艳女声,2319万,还你一个夏天
/playlist?id=904190631,天籁｜停留在此，莫问情深,38万,冰岛小暖
/playlist?id=2644810336,：: 微醺随性浪漫：:,44万,loupurple
/playlist?id=7658525052,Big Latto 乐透姐 全收录,3427,Cardi_B
/playlist?id=5466577620,温柔合集/每一首都单曲循环了好多好多遍,202万,姚一瑶_
/playlist?id=7626519528,蜜电宇航员➹温柔节奏，清新浪漫,31360,Martin网易云Carlos
/playlist?id=6883224040,节奏电音｜宅家不躺平 在线云蹦迪,85万,这条平凡的狗_QwQ
/playlist?id=4928319592,Deep House｜迷人旋律，深邃鼓点,275万,烈雨
/playlist?id=5450289765,R&B|温柔的转音，诉一剂良药,139万,生活委员
/playlist?id=2037067301,戳爷/美渣/断眉/萌德/灰森/比伯/六公主,2263万,摇滾乌托邦
/playlist?id=646642504,欧美丨戳爷的最全歌曲没有之一,1994万,机智的兔子刘
/playlist?id=7751860543,Jazz ｜ 来杯红酒微醺在爵士律动里,100,COOLIN1217
/playlist?id=6642288367,且听风吟丨陷落蔷薇海洋的温柔梦境,43万,丨IIIIIIIIII丨
/playlist?id=2022955169,Deep House｜迷之性感中的深邃律动,275万,-电音迷弟
/playlist?id=2476188541,CHILL ROOM,61万,Alvin-_-
/playlist?id=5803616,Adele（阿黛尔） 灵魂歌手,246万,随风入梦
/playlist?id=5391313096,辣妹平时都在听什么？,910万,qhuiya
/playlist?id=7445222674,电音女嗓控｜绚丽声线，梦幻电境,13万,Martin网易云Carlos
/playlist?id=2899552256,晚安曲· 可以邀您到梦里数星星看月亮吗,485万,shakemyhead
/playlist?id=2189506809,「甜嗓控」当糖果女声邂逅清新电音,506万,NeilShine_
/playlist?id=6887483239,欧美风/超燃节奏潮音+甜美嗓音,69万,林縛杳
/playlist?id=154985547,【欧美】让你心情舒畅的轻松小调,409万,烈雨
/playlist?id=6786179685,氛围特调｜迷雾缭绕中带着欲望的呼吸,267万,Evelauren
/playlist?id=4870565549,民谣小调｜纵享休闲时刻的惬意,481万,Rhaast
/playlist?id=973365648,|北欧女声| 不食烟火，澄澈之音,349万,-TRTan-
/playlist?id=7758249597,What =（Wo Hai Ai Ta）↹(Ta A Hen Wo),69,瑾甜jey
/playlist?id=307460409,适合玩游戏/写作业时听的音乐,3018万,晓雾未散
/playlist?id=3224097560,欧美｜惊艳动人的男嗓穿透心灵 魅力无穷,160万,ClairoToday
/playlist?id=941470550,『欧美电子』把一切都抛到九霄云外,94万,Jemma_Shaw
/playlist?id=404757132,【珍藏】必听的一百五十首音乐剧名曲,1108万,辞雀
/playlist?id=3115699150,【杯酒人生】蓝调布鲁斯爵士的性感浪漫情调,33万,BIAO_ET
/playlist?id=2089725230,「娇艳玫瑰」令人血脉偾张的冷艳女声,78万,Flipside_KK
/playlist?id=2074133946,英文歌（个人向，偏经典）,1088万,Wiwi-K
/playlist?id=7527627486,温柔的风｜疲倦落入温柔暮色里,50万,Bzstrive
/playlist?id=2349606660,『百词斩』英语四级高频单词,58万,醉楫
/playlist?id=6835124022,节奏Rap｜运动一夏 健身必备,37万,这条平凡的狗_QwQ
/playlist?id=780523862,【节奏控】清爽节奏，中毒的旋律循环不止,781万,原点FM
/playlist?id=6937497194,最全经典摇滚指南,13万,中卫鲍伊
/playlist?id=7688984,绝世女声 Adele 阿黛尔 臻选,111万,月箫人kK
/playlist?id=2968950064,[乡村音乐]田纳西州的音乐之路,520万,小铁Joe
/playlist?id=365959097,中古 | 凯尔特音乐前尘往事☁️,374万,-解忧杂货店
/playlist?id=2737519391,日子不急不躁 漫长却也曼妙,142万,空气很颓废
/playlist?id=7101691613,【Billboard】2021年单曲年榜Top100,67万,Keung13
/playlist?id=2760389790,『R&B』迷幻的声线，灵魂在角落游离¶,227万,生活委员
/playlist?id=5084008114,治愈向|小众英文歌〖开口跪旋律绝美〗,175万,_-OxO-
/playlist?id=2017497382,Trap Rap｜低音轰炸 匪帮唱诗 ,62万,GucciVoss
/playlist?id=650260677,慵懒、烟酒和感人②,52万,窺鏡自憐
/playlist?id=2479397515,甜味爵士 | 焦糖拿铁口味·甜柔度100%,213万,塔希提岛的月亮
/playlist?id=7026708053,化妆♫洗澡｜随机播放playlist▶,261万,秋chill的首席推歌官
/playlist?id=2898257741,<迷幻花园>玫瑰生长于灵魂之上,515万,ROMANCE-KNIGHT
/playlist?id=7604860952,激爽电子✖️驱雷擎电，助你超长发挥,19146,Martin网易云Carlos
/playlist?id=102445100,让你停不下来的带感HipHop,681万,JediMindTricks
/playlist?id=2091355034,欧美轻快小调∥小清新,457万,挪威的童话
/playlist?id=100468911,【时尚】潮牌店专属,246万,瘦茶
/playlist?id=2124685170,“说真的 梦里在一起吧”,319万,Xthousis6
/playlist?id=458329079,无前奏 一听就爱上的英文歌,2270万,单音系
/playlist?id=7671397816,炽热的爱｜夏日重启 爱意返潮,2006,夏日与晚安君
/playlist?id=99876060,经典R&B节奏蓝调,82万,Groovie
/playlist?id=7650130781,秋日密语｜想和你一起 抱一捧落叶回家,1876,夏日与晚安君
/playlist?id=7729822309,【超燃】肾上腺素X力量训练必备,1305,WANGQINSHENGYUAN
/playlist?id=6910943140,【美式Rap】篮球、撸铁、健身、练肌,36790,奋力爬上山巅的山羊
/playlist?id=762008701,ᴊ ᴀ ɪ | PBR&B｜迷幻 微醺 慵懒,230万,Jaimolv
/playlist?id=7767523691,欧美充电曲 | 安全驾驶赶走瞌睡虫,208,迷藏lb
/playlist?id=758939609,|北欧女声| 不食烟火，空灵之音,287万,-TRTan-
/playlist?id=2579399082,【电子女声】惊艳女声和电音的邂逅②,750万,原点FM
/playlist?id=4861736970,欧美流行歌曲的天花板了吧,326万,yxich01
/playlist?id=5157320558,独立流行 | 光怪陆离的记忆岛屿,88万,塔希提岛的月亮
/playlist?id=2082324143,复古流行｜光怪陆离的世界,53万,赋魅
/playlist?id=2842861987,耳朵存在的理由，200首必听欧美歌曲,779万,pure日月
/playlist?id=5315891779,清凉初透·海盐味的小众喜好,38万,summermidnights
/playlist?id=7545709508,欧美清新电子☁放空心情，感受柔和细腻,52347,Martin网易云Carlos
/playlist?id=7615895405,枕边轻语：R&B漫式情调,26509,loupurple
/playlist?id=2939725092,[BGM]超带感欧美良曲（典藏版）,1260万,冬日小臣
/playlist?id=487457627,说不出名字的那些经典英文歌,5737万,机智的兔子刘
/playlist?id=7620680449,柔电恋语☁️浪漫音弦，甜蜜宜放空,23237,Martin网易云Carlos
/playlist?id=7629763825,流连清吧｜喝杯小酒至微醺，听一首歌到深情,1926,夏日与晚安君
/playlist?id=5287139379,治愈 °一份来自四季的温暖旋律,175万,樱桃味音乐
/playlist?id=7396032002,车载电子 | 旋律至上，轻松加速！,18万,Martin网易云Carlos
/playlist?id=7393352613,跑步燃曲 | 肆意摇摆，燃脂更痛快,12万,Martin网易云Carlos
/playlist?id=2673281124,超炸英文rap,164万,1900killthevibe
/playlist?id=2037020941,戳爷/黄老板/断眉/萌德/骚姆/比伯/烟卷,4214万,摇滾乌托邦
/playlist?id=7080301387,「超神押韵」不晃不行 持续更新 后面更精彩,141万,RyanZ阿郑
/playlist?id=5026620268,慢节奏 · 给自己的生活按一下暂停键吧,129万,shakemyhead
/playlist?id=6714683379,R&B|浩瀚宇宙中，定位迷离韵律,82万,生活委员
/playlist?id=5393192213,欧美丨旋律控的极致享受！,632万,a丶安逸
/playlist?id=173781294,「女毒电子」跌进充满梦幻般的意境,1425万,变忧郁
/playlist?id=929874845,欧美 | 注入灵魂·流行英文歌曲指南,316万,织秋裤
/playlist?id=2257115243,滚石杂志:Beatles最伟大的100首歌曲,12万,流亡大街
/playlist?id=7738645413,解压轻电☁冥想遨游，云端梦境,105,Martin网易云Carlos
/playlist?id=3198941866,宝藏R&B：那些挑动心弦的惊艳佳作,819万,BAEK-J
/playlist?id=2660335535,复古假日瘫丨慵懒且优雅,236万,摇滾乌托邦
/playlist?id=5459118759,复古浪漫|那些用爵士乐演绎的浪漫情诗,79万,穹空悠人心
/playlist?id=2466320666,【拯救歌荒】100首欧美新锐歌曲,722万,pure日月
/playlist?id=5062682910,英文歌杂物架｜节奏感满满的浪漫,212万,小翁不想网抑云
/playlist?id=7593571672,清爽电离☺微醺下的缥缈轻逸,54342,Martin网易云Carlos
/playlist?id=156720466,欢快旋律清新女声萦绕快乐气氛,1082万,变忧郁
/playlist?id=7601896861,车载氛围电子｜沁心律动，耳膜冲刺,65800,Martin网易云Carlos
/playlist?id=488575080,『欧美』精选76首极致冷门女毒,527万,防城港小司机
/playlist?id=5005878631,〔吉他与猫〕当夕阳的余晖落在琴弦上,499万,空山鹤行
/playlist?id=875640919,‣欧美R&B||节奏控选入，开嗓抓耳系列,84万,Silverdrewvw
/playlist?id=2717286387, ☹ 午夜心碎俱乐部4.0人声采样,27万,喪甜老爹
/playlist?id=2260474995,『高考过后怎么嗨』答案就在这里,915万,云音乐曲库
/playlist?id=7637561114,咖啡馆音乐｜安静下午茶｜享受片刻惬意温柔,704,夏日与晚安君
/playlist?id=5434513615,2020年度最热欧美新歌TOP50,1065万,网易云音乐
/playlist?id=65127255,听了心情会好的歌 DaDaDa❤️,2294万,shakemyhead
/playlist?id=2514205311,刺激神经 · 欧美性感女声与鼓点的碰撞,444万,shakemyhead
/playlist?id=2863447964,Acoustic | 一种全新的风格体验,98万,樱桃味音乐
/playlist?id=7701512759,躁动低频轰炸⚡857模式ON！,679,Martin网易云Carlos
/playlist?id=152960191,（经典）欧美大咖,347万,时光回音
/playlist?id=7748236412,向阳而生｜生命不息 感受运动的缤纷色彩,50902,ClairoToday
/playlist?id=2786175968,欧美精选：动感节奏，治瘾旋律,7022万,小攀哟
/playlist?id=6793651314,节奏控｜健身爱好者的专属福利,66万,这条平凡的狗_QwQ
/playlist?id=7480837021,日落轻柔小众｜海浪与晚风叙旧,120万,Cris安静听歌
/playlist?id=2290542611,冷门电音挖掘机|没有999＋也可以很惊艳,117万,NeilShine_
/playlist?id=2373179577,趁着夜色微醺，月光下共舞可好？,153万,螚安Vivienne
/playlist?id=2910905753,那些超好听节奏感超强的英文单曲,225万,妹妹真漂亮-
/playlist?id=7426512592,夏日度假丨海风拂面的清爽音律,47万,丨IIIIIIIIII丨
/playlist?id=2471501410,『清新小调』肆意欢笑，做个阳光的灵魂,191万,一生向海
/playlist?id=7777201681,电子沦陷丨在颤抖不已中浇筑灵魂,1233,年轻匪首
/playlist?id=2802029436,欧美经典歌曲大全【经典英文老歌怀旧】,28万,侠侣亲子-许天准
/playlist?id=2044283434,宝藏女嗓‖未见其人，先爱其声,711万,壹阐
/playlist?id=7595080537,凌晨探险家✌午夜放空，电子震动幻境,63326,Martin网易云Carlos
/playlist?id=7715649652,欧美电子/开口既惊艳 · 精神氮泵,386,MAOYOUGG
/playlist?id=4974682089,复古慵懒 | 当经典摇滚被爵士如此演绎,185万,后现代养猪专业户
/playlist?id=128194921,【T台】2022最冷门法国巴黎新时尚时装音乐,38万,马文威
/playlist?id=7452970820,『仙气女电』清新灵动，性感制躁,10万,Martin网易云Carlos
/playlist?id=5179273517,Romance｜人间皆黄昏,125万,Backto1994
/playlist?id=2209412974,⁢[节奏Trap] 槟榔加烟法力无边,89万,狙臀
/playlist?id=2450558426,Emo/Cloud Rap丨不完全情绪混合物,338万,电烧
/playlist?id=2128071807,Bossa Nova惬意的下午茶时光,332万,卧室坐家
/playlist?id=7486321435,减压循环！电子入耳，听一奏轻风,13万,Martin网易云Carlos
/playlist?id=53950976,适合读书时听的欧美小调,7319万,爱喝水blbl
/playlist?id=7767186364,冬日黄昏，我们的灵魂与音乐 玫瑰共舞,78,曌懿卓轩
/playlist?id=2429537442,开口即俘获人心，一听就爱上的英文歌 ②,1392万,原点FM
/playlist?id=328984968,【节奏控】那些超带感的音乐Ⅱ· 燃点,319万,原点FM
/playlist?id=310970433,【旋律控】超级好听的欧美良曲,48049万,奶油冰激凌草莓沙拉
/playlist?id=4903203480,神仙音乐☆一秒心动的宝藏男声,92万,樱桃味音乐
/playlist?id=7061269285,【2022门店音乐】第一期-郭老师,64346,郭大王就是我
/playlist?id=4892178801,欧美R&B ·节奏布鲁斯的轻奢尾调,244万,环球音乐国际部
/playlist?id=372629745,耳熟能详，那些播放量过亿的英文歌,557万,Areal肥阳
/playlist?id=7754704857,热身电子日记☀Keep身材，即刻行动,100,Martin网易云Carlos
/playlist?id=5103777001,欧美女声英语歌超好听的英文歌欧美流行歌曲,102万,小奈奈n
/playlist?id=78969074,月光下的爵士小调®,64万,-TheWeirdCat-
/playlist?id=7743585883,【找到状态 ☁上缥缈】Cloud Rap,128,YeahAyy
/playlist?id=888065791,【英音】节奏控好听又带感的英文歌,129万,LoStno
/playlist?id=2257437709,圣殿|女巫|凯尔特|神话|克苏鲁|冷门|海盗,130万,PDS-
/playlist?id=7403728836,Future Bass | 柔美人声，炫彩律动,78045,Martin网易云Carlos
/playlist?id=972300142,【Future Bass】电音世界的棉花糖,33万,The_Shire
/playlist?id=2505272184,【电子女声】怦然心动的惊艳女声♡,192万,原点FM
/playlist?id=3165659814,晚安曲·月亮躲在云里 我想躲在你怀里,264万,可你怎么总是忘记我很爱你
/playlist?id=2333641827,欧美对唱||用最浪漫的副歌 你也轻轻的附和,1012万,ROMANCE-KNIGHT
/playlist?id=3066230257,欧美治愈集丨恬淡悠远 清凉一夏,158万,summermidnights
/playlist?id=3064872456,小众私藏‖宝藏嗓音沁入耳膜 独享听觉盛宴,67万,ClairoToday
/playlist?id=77497542,健身房节奏! 烧脂,1255万,nnnjat
/playlist?id=2118657705,『欢快节奏』专业治愈各种不开心～,307万,Daisy_筱筱er
/playlist?id=2626791361,在枕头下放一颗糖 做一个甜甜的梦,307万,她的水彩笔
/playlist?id=7764782836,男声交响力量金属｜屠龙勇士的激昂史诗,2648,无彷之径
/playlist?id=615014715,节奏感超强の跑步歌曲库,165万,--苏麻离青--
/playlist?id=7758347145,欧美式安静 |消除烦躁 冷却大脑,140,迷藏lb
/playlist?id=2846637634,『TRAP』旋律播放了一下就上头了/精选,64万,只亲嘴不恋爱可以吗
/playlist?id=7682546257,「落日奔赴山海，晚霞是最浪漫的告白」,4572,夏日与晚安君
/playlist?id=6713812649,致情英伦男嗓 | 沉浸于北爱尔兰的深沉吟唱,75万,Kesha_EDM
/playlist?id=2860495870,助眠向 | 喃喃细语伴你入梦✨,118万,少年的半岛铁盒
/playlist?id=7210684924,『卧室氛围感』微醺音乐01,72万,心碎音乐电台
/playlist?id=7478252586,开个咖啡吧放点舒缓音乐,38760,chelife
/playlist?id=2857254730,清新小调 今日份好心情鸭,163万,樱桃味音乐
/playlist?id=5187893272,极致旋律：柔美温醇 氤氲缭绕心间,199万,mayuko然
/playlist?id=2755687592,当炸裂beat配上炸裂说唱flow,362万,多写loop容易秃头
/playlist?id=5080932663,〔超燃英文歌曲丨爆炸踩点系列〕,656万,Bilaliden-
/playlist?id=4983641639,小众高级感音乐(超级有感觉),207万,我是你内心的我
/playlist?id=2477453105,节奏控精选| 开嗓就成了经典的歌曲,177万,夕日向暖
/playlist?id=93186979,流芳百世英文经典,280万,real晓龙
/playlist?id=3002206491,想和你一起去旅行 带着好听哒音乐,293万,樱桃味音乐
/playlist?id=7528701897,BiliBili日推歌单（持续更新）,43636,xf_Official
/playlist?id=54649565,Good Night 晚安欧美安眠曲,487万,JonNothing
/playlist?id=2067228088,法式浪漫|阳光下的惬意午后,192万,MissFeiiii
/playlist?id=7749637846,超好听节奏感超强的英文单曲,150,这不是饭饭呀
/playlist?id=7628966632,会让你心情变好的英文歌单❤,2413,爱做音乐的E8r
/playlist?id=5142863916,加州1号店 ｜ 梅子如天上月甜涩,142万,休眠火山c
/playlist?id=5223722712,果味音乐集 | 带给你一整天的轻快旋律,335万,樱桃味音乐
/playlist?id=86777678,妈呀！这男声有剧毒！！！,102万,Hard-with-Core
/playlist?id=7502723803,Chill Time丨午后迷醉 阳光下的橘色心情,17470,丨IIIIIIIIII丨
/playlist?id=7505069051,燃游激素：生而无畏，优雅致命！,16万,Martin网易云Carlos
/playlist?id=2898916057,温柔系‖等星星都睡着了 再说想你,497万,ClairoToday
/playlist?id=88337987,艾米纳姆：成为王？明明可以做上帝,259万,亏普
/playlist?id=7716144023,复古咖啡厅♨享受高级感的氛围音乐,624,蛋壳Maxd
/playlist?id=6731529463,节奏控｜让人欲罢不能极致电音,48万,这条平凡的狗_QwQ
/playlist?id=2970772045,【脏标】这些E标歌曲，好听就行了,654万,正在数月亮
/playlist?id=7768192868,【UFC选手】出场站曲 BGM MMA格斗跑步曲,387,Falling_you_babe
/playlist?id=7601357722,拒绝单调！带电热身/放松，压力尽消☺,16975,Martin网易云Carlos
/playlist?id=6583659682,ASH'S BGM,17万,Aaash19
/playlist?id=7515083114,欧美唯美风：浪漫电子，涤荡心扉,84775,Martin网易云Carlos
/playlist?id=5381381410,欧美高燃踩点丨荷尔蒙爆炸般的暴力美学,2030万,Amber丶Queen
/playlist?id=2694426667,美式说唱/板仔skateboard/刷街系列,29591,Telwq
/playlist?id=2196397364,沉迷Luh Kel （旋律天才）,868万,那是我仅有的温柔和爱你的原因
/playlist?id=11412560,【越老越经典•经的起岁月的歌曲】,34万,Anita58
/playlist?id=7569152019,绝杀时刻：狂暴战曲♛浴血重生！,70630,Martin网易云Carlos
/playlist?id=2081373010,【旋律系】女声与电音的迷幻律动,23万,谐星七十六号
/playlist?id=46426956,「100首催人入睡的安眠曲」,116万,卖报小行家卡布达
/playlist?id=4973646434,静享时光|午后阳光下的慵懒欢快小调,385万,后原
/playlist?id=17164013,100首经典英文歌曲排行榜*下篇,193万,pure日月
/playlist?id=869583062,口哨系｜学会就可以撩妹了ΘˍΘ,2063万,-电音迷弟
/playlist?id=6934437172,欧美‖高燃‖踩点‖混剪系列,124万,GHYKD
/playlist?id=582318186,扫弦民谣|抚平残心中凋烟泣露的唏嘘,433万,盯鞋人
/playlist?id=7671301824,欧美·未来可期｜跟过去告别，与自己和解,30343,夏日与晚安君
/playlist?id=5158867475,Romantic dusk | 与你私奔于浪漫黄昏,229万,空山鹤行
/playlist?id=988240556,Jessica Vu 美妆化妆背景音乐 BGM,1282万,mar90
/playlist?id=2579580079,超炸Trap|808陷阱说唱,281万,杨皓博Ye
/playlist?id=88820658,「适合跑步的节奏」【必备篇①】,1370万,by丶WhoIAm
/playlist?id=7656664965,秋日思绪 | 沉迷于复古与文艺中,826,尘埃之海
/playlist?id=389611402,『美国自驾』USA西部旅行66号1号公路...,322万,北南乐队
/playlist?id=764125,那些洗脑的英文歌,3544万,音我而在
/playlist?id=7697089785,欧美｜开嗓仙气满满 令人享受其间 ,105,-孤岛与海_
/playlist?id=2708862630,『学霸模式』让音乐来陪伴一天的学习,728万,樱桃味音乐
/playlist?id=2417487021,【Joji】作品合集,136万,dvkton
/playlist?id=2962407224,『英伦女声』遗世而独立的不列颠玫瑰,263万,十三逆旅Cobain
/playlist?id=2114154989,【治愈英语歌】温柔的灵魂终将相遇,665万,二十拽
/playlist?id=142902542,单曲循环丨绝对不能错过的欧美歌曲,6558万,Jsny
/playlist?id=76893857,【欧美】极致•惊艳•天籁女声,39万,Bingolee灬
/playlist?id=5243198559,【欧美女rapper】高能说唱女大汇集,28万,奋力爬上山巅的山羊
/playlist?id=2975756428,【节奏控】健身房燃脂必备歌单,337万,梦一夜i
/playlist?id=7547639639,健身攻略｜燃脂电子，突破极限♛,11万,Martin网易云Carlos
/playlist?id=2121896149,我的健身时间 Fitness Time,53万,健体于凯ykkk
/playlist?id=6890699086,旋律R&B—音乐患者的解药,23023,Uselu
/playlist?id=311067453,有氧跑步|马拉松|180maf节奏心率跑,347万,拳小摆
/playlist?id=7465113673,燃脂电子：激发肾上腺素的兴奋旋律,97522,Martin网易云Carlos
/playlist?id=3204160461,生活是自己的 尽情享受 尽情可爱,148万,宇宙播报机
/playlist?id=105599644,【 强鼓点 & 节奏感 】,206万,我仁21号是队短
/playlist?id=2660676614,美女ᴍᴀᴋᴇᴜᴘ｜面膜｜洗澡洗脸｜歌单,855万,-crystall-
/playlist?id=480559590,那些好听却不知道语种的歌,439万,单音系
/playlist?id=2483061644,HipHop风格-爵士说唱（Jazz Rap）,37万,Rootskool
/playlist?id=2171366031,好旋律西语歌Español【西班牙语歌曲精选】,76万,Nomeolvides_H
/playlist?id=803089253,自始自終 自生自滅,129万,Bzstrive
/playlist?id=3131035907,一秒沦陷 | 超好听的Remix,1443万,故事且温柔83
/playlist?id=4899659549,冷门亦惊艳｜聆听女声与电音的心动交汇,639万,NeilShine_
/playlist?id=2794956036,放松:) 美好的一天现在开始,359万,Aidly艾迪黎
/playlist?id=7633297099,摇滚至上 ¶关好房门，戴好耳机，调大音量,58975,夏日与晚安君
/playlist?id=7760817005,2022年全美音乐奖AMA获奖及表演曲目,585,Keung13
/playlist?id=7573042565,假日限定｜电律缱绻，清新绽放！,12233,Martin网易云Carlos
/playlist?id=130005178,欧美流行｜洗澡.跑步.运动.旅途,169万,CRAJZY_
/playlist?id=2301227992,欧美精选 | 嗨 伙计 要来首10w+吗？,12334万,KillBunny
/playlist?id=6809333497,慵懒人声｜悠闲旋律放松你的身心 状态回归,139万,ClairoToday
/playlist?id=997830646,【欧美】民谣深处的时光小巷,75万,一条失去梦想的咸鱼i
/playlist?id=359551186,英|R&B/Soul节奏布鲁斯,30万,RandB挖掘机
/playlist?id=7621881069,「英文歌」将轻快塞满地球,40108,贝克克y
/playlist?id=3114951264,你不是最擅长打逆风局吗,150万,你也没能成为我的救赎
/playlist?id=7453768516,冲刺期末！清新舒适，高效率复习专享,44644,Martin网易云Carlos
/playlist?id=2957957756,打雷姐| Lana Del Rey全单合集,35万,沈星辰co
/playlist?id=7653921982,R&B/Soul｜灵魂布鲁斯 自由随性的飞鸟,2145,蛋壳Maxd
/playlist?id=164262318,【欧美】年度盘点评论过万的英文单曲,188万,化身孤岛的鲸whalefall
/playlist?id=6617401055,Girls Power｜欧美女Rapper,26565,Cardi_B
/playlist?id=2989694632,〖复古〗韶华倾负，往事浓淡,437万,i看美剧
/playlist?id=3095295608,比伯 霉霉 黄老板 戳爷 蕾哈娜 魔力红酷玩,236万,探青楼
/playlist?id=7544013337,清新欧美风｜梦眠于繁花幻境,11万,Martin网易云Carlos
/playlist?id=7741435954,『欧美』超带感的节奏｜高逼格的英文rap,46万,6D英语专八
/playlist?id=2978208641,『R&B』梦境漂浮不定，节奏如影随形,96万,生活委员
/playlist?id=7766363129,欧美电音：输出强电醒脑空间站,1472,陌森喵
/playlist?id=2948442022,适合学习英语词汇/值得单曲循环,53万,37号元素
/playlist?id=717848220,Trap Remix丨当欧美热单遇上毒性低音,2339万,避难所Shelter
/playlist?id=2570147233,【私人甄选】切歌算你厉害,93万,Hoosler
/playlist?id=7636641366,梦幻流行（Dream Pop）｜日落渐匿 梦境星河,1418,夏日与晚安君
/playlist?id=473746517,『欧美经典1000首』还是老歌有味道,24719,音乐想象家
/playlist?id=32360446,收集向~英文集锦,73万,zaneqi
/playlist?id=147531927,西海岸 G-Funk,34万,Groovie
/playlist?id=2033946678,『R&B 精选』节奏音律中，总有适合的调调¶,225万,生活委员
/playlist?id=2115404761,一秒上瘾的小众英文歌,218万,TOUGHCORN
/playlist?id=7227046292,史上最全英文歌,22万,ruiRuishy
/playlist?id=7635185174,「欧美」听一遍就会跟着和的英文歌,2409,永远ok丨
/playlist?id=498581255,R&B节奏布鲁斯||SOUL,137万,LEEHIP-CN
/playlist?id=6960249538,Alternative R&B | 慵懒与优雅的碰撞,77011,LoveYouForAges
/playlist?id=2333731148,海盐风味｜浪漫迷幻°新鲜度100%,679万,猫头罐与六便士
/playlist?id=7582065028,1小时骑行：耳膜冲刺！燃脂能力Max,50335,Martin网易云Carlos
/playlist?id=4874237835,宝藏电子女声：绝离尘世的空灵之美,232万,mayuko然
/playlist?id=5347651276,「雨之摇滚·倾听爱与自由乐章」,70万,十三逆旅Cobain
/playlist?id=6609008489,加班补给站｜来点音乐能量饮料叭,29万,此ID已欠费
/playlist?id=2020033569,【贾斯汀比伯】百听不厌丨魔性神曲,596万,Sun阳花
/playlist?id=31386065,【睡前小调】安歇在静谧的世界里,43万,Sunshine-Miss-lin
/playlist?id=420944487,舒服的踩点节奏&高速公路,643万,小库v
/playlist?id=2204315329,超级好听的抒情英文歌。,266万,加菲猫的小咖啡
/playlist?id=6676073640,夜色微醺氛围高级感,85万,zxwbb_
/playlist?id=738210665,【欧美民谣男声】清晨的舒心小调,148万,马山芋的Parachutes
/playlist?id=172138090,Taylor Swift 已发表曲目精选,23万,Memrises
/playlist?id=48720498,白金唱片之王肯尼、罗杰斯,18860,老乔-如歌
/playlist?id=7727728083,爵士乐里学会与自己相处,182,chelife
/playlist?id=2639732468,消遣放空丨英文小调放松你的soul,113万,summermidnights
/playlist?id=2125737991,黑胶酒馆|耳畔的浪漫眼中的你,866万,卧室坐家
/playlist?id=2908828253,怦然心动 | 宝藏旋律与心动节奏的完美邂逅,489万,樱桃味音乐
/playlist?id=2980449634,让你嘴角上扬的英文歌,490万,今天也love你
/playlist?id=7453889889,云上自习室｜静心刷题，不惧高考！,61272,Martin网易云Carlos
/playlist?id=5343839811,孤独药剂 • 雨季中一个人的音乐小屋,42万,OmenTwwnmfm
/playlist?id=7698172274,孟菲斯嘻哈纯走疯狂｜MEMPHIS HIPHOP,1300,嘻望HIPHOPE_OFFICIAL
/playlist?id=2972056119,开一间小店，贩卖美好,111万,张颜齐天大圣啊
/playlist?id=6912934424,BOOM | Black night,25万,LBOOM_
/playlist?id=7519918200,Tropical海岛☀清新旋律与解压美学,13万,Martin网易云Carlos
/playlist?id=94064401,纵享丝滑，慵懒性感的咖啡味女声,485万,朴露修夏
/playlist?id=69514417,Pop Music 欧美流行歌曲【TOP】,41547,DJuncle-鸟叔
/playlist?id=467058152,精选 | 百听不厌的英文歌,5190万,艾琳艾德勒丶
/playlist?id=2206750454,花店营业歌单florist花艺师必备,114万,花工汉钠
/playlist?id=5072140498,小众温柔的英文歌｜神仙嗓音,138万,池塬泽浅
/playlist?id=7504585045,女嗓珍藏馆：迷失于电韵音海之中,69500,Martin网易云Carlos
/playlist?id=2487144149,主播都在用的超燃宝藏歌单还不快来听听,838万,ZJevo
/playlist?id=378213166,『舒缓向 | 欧美』迷幻空灵，温暖人心,1530万,柠檬味海风Sound
/playlist?id=6925784129,夜色微醺｜思绪陷入云海，月亮落在肩上,32万,Evelauren
/playlist?id=2245123862,你是我漫长黑夜里的迷恋与遗忘,315万,抑郁爱人
/playlist?id=94059576,【励志】困境让你更强壮,249万,烈雨
/playlist?id=7567415651,欧美｜人们终将落俗，但浪漫至死不渝,49421,夏日与晚安君
/playlist?id=889960888,「欧美流行」那些你想找又找不到的歌曲,6379万,G00d9T
/playlist?id=2091256206,【LOUNGE BAR】舒缓放松减压微醺迷幻系列,71184,PEachhhh0624
/playlist?id=325993939,⚡️ HIPHOP | Hey Is Life $$$,487万,-GIRLHOODH-
/playlist?id=35148937,前奏入耳、后劲十足的攻气女声,147万,mercurius-穷途
/playlist?id=430941731,电音 | 减肥的动力,236万,这条平凡的狗_QwQ
/playlist?id=7452834423,安静|耳机党的专属福利,24306,Feng丶-Ge
/playlist?id=6851616292,温柔药剂 • 不适合恋爱的社恐人员,40万,OmenTwwnmfm
/playlist?id=6919723625,对 方 已 向 你 开 启 枕 边 共 享,71万,夏日与晚安君
/playlist?id=3042446515,极致幻境｜坠入浪漫宇宙的低沉旋律,99万,Bzstrive
/playlist?id=2220081292,安静细腻的欧美小调，献给失眠的你,1325万,SuperMan-LEE
/playlist?id=111007328,Jᴀᴢᴢ｜好听的爵士人声精选,294万,Nokop
/playlist?id=7455379429,Acoustic丨温暖纯净 浪漫到入骨的温柔,18197,丨IIIIIIIIII丨
/playlist?id=2544563570,仙女精致化妆BGM,488万,愿愿很ok
/playlist?id=123243715,[声线] 空 灵 女 声,2498万,BeTheOG
/playlist?id=5394515165,浪潮美学Synthwave| 梦幻霓虹，温情时光,96万,夕日向暖
/playlist?id=6695427788,2021欧美|billboard百冠音乐,47万,籣秋廿五
/playlist?id=7033356182,欧美R&B 丨或甜或欲的女声,86万,傲娇霉说你泰矮i
/playlist?id=151294356,清吧抒情英文歌曲,483万,我只身一人游过心海
/playlist?id=7405817995,心动旋律丨虚幻荒诞下的另类浪漫,31万,丨IIIIIIIIII丨
/playlist?id=2538119796,Trap Rap|陷阱说唱的低音冲击,317万,卧室坐家
/playlist?id=913708064,Lemon Tree:)惊艳的英文歌曲,89万,谁在屋顶上唱歌
/playlist?id=617942586,Swing摇摆舞会歌曲指南,73万,江河故人
/playlist?id=7442133980,欧美流行风，沦陷其中无法自拔,21389,Martin网易云Carlos
/playlist?id=363654077,天籁之音 | 此曲只应天上有☁️,915万,-解忧杂货店
/playlist?id=6799998255,2022Billboard公告牌年终单曲Top100,172万,十三逆旅Cobain
/playlist?id=4920405293,安静|那些自带高级感的英文歌,1091万,知鱼__Carrie
/playlist?id=7036572151,欧美说唱 | 戴上耳机感受flow的轰炸,294万,腻鹿嘢
/playlist?id=2411726083,复古电子Music |『致敬80s~』,41万,时间旅行者TIMES
/playlist?id=368734733,『贾斯汀·比伯』百首必听盘点,242万,布兰妳
/playlist?id=2449584784,好听到爆的欧美歌,92万,安风诺良奈
/playlist?id=485099398,❉圣诞精选•Christmas is near❉,37万,我像只鱼儿在喝你的汤
/playlist?id=4930606612,万有或虚无｜浪漫主义式的追寻,533万,为实现中华民族伟大复兴而听歌
/playlist?id=2785836714,情书簿｜你是拥有山川河海的神明,36万,薄荷奶啵啵
/playlist?id=7377252381,周末登山Party | 斑斓电嗓，追寻自在,39781,Martin网易云Carlos
/playlist?id=606848009,好好生活，慢慢相遇,18万,渐无言语
/playlist?id=6974835249,慵懒卧室——氛围感,18万,LadyLuna_
/playlist?id=2852805110,E标【禁 止 收 藏】,417万,TENET-V
/playlist?id=5351538447,编辑精选Vol.93｜朝霞烂漫,23万,云音乐说唱专区
/playlist?id=5381877263,「打游戏必备歌单」收藏最新超燃歌曲,150万,_云端上的鱼
/playlist?id=5229770965,弹性低音/Slap House&Brazillian Bass,81058,Silenc_su
/playlist?id=118788911,街角咖啡店播放的慵懒小时光,234万,yin雪燕
/playlist?id=2916282498,<秋日微醺>想来点舒适度100%的微风吗,439万,ROMANCE-KNIGHT
/playlist?id=143646240,【欧美经典】 任岁月肆虐都无法超越的经典,193万,怡语芸
/playlist?id=6724722210,欧陆迪斯科 | 红男绿女的都市舞会,10万,弄潮儿电台
/playlist?id=7760233263,历界世界杯主题曲大盘点,405,chelife
/playlist?id=7641555801,每日来“电”｜耳机下的狂欢盛宴,738,嘿-Tedua
/playlist?id=4949924773,冬天的第一个烤红薯 要和喜欢的人一人一半,80万,大笨zhu-
/playlist?id=2744545170,Helens海伦司小酒馆,65万,沉溺66666
/playlist?id=2503202287,怀旧旋律 · 旧时光里的天马行空,213万,shakemyhead
/playlist?id=98209679,作业专属【刷题BGM】,5964万,橘子可樂限定
/playlist?id=2442349721,「惊艳电子·旋律控」一听倾心 爱不释耳❷,681万,塔希提岛的月亮
/playlist?id=113925019,【梦工厂】长篇动画音乐合集,36996,莎士比亚书店
/playlist?id=7752685139,想跳舞就听这个吧｜Comeon Dance with me,177,alwaysbeROMANTIC
/playlist?id=168375719,Urban | Swag Dance 适合跳舞节奏HipHop,66万,VEEZiE_WYGD
/playlist?id=7750492442,第65届格莱美最佳传统/当代蓝调专辑提名,150,来我厨房
/playlist?id=461288992,欧美 | 开口即跪，窒息嗓音,95万,ZaleLes
/playlist?id=3010384274,欧美 | 精选1w~10w热评 | 爆好听的英文歌,11435,沈星辰co
/playlist?id=6962582540,【私藏歌单】巨巨有感觉的英文歌！超酥！,26万,佛系音乐藏家
/playlist?id=2812409523,小众却很惊艳‖欧美篇,441万,ClairoToday
/playlist?id=2513570815,佛罗里达最硬的黑人,380万,POSITIVEENERGYXXX
/playlist?id=6944248020,[欧美推荐] 宝藏歌单 超级奶斯,68万,朾也香一
/playlist?id=2550277551,小众英文歌歌单（！却意外的好听）,3399万,咕咕Kvalley
/playlist?id=5042045636,清新小调 | 风中有春天的味道了,168万,-TRTan-
/playlist?id=146513028,REMIX｜惊艳涅槃于电子氛围,250万,下一颗巧克力
/playlist?id=125106789,约翰列侬John Lennon最经典的200首,15万,城小巷
/playlist?id=7650548926,通勤减压 | 下班好心情 疲劳快走开,55212,Dream_d7
/playlist?id=7514744502,杀戮开启☣节奏续航，称霸战场,83679,Martin网易云Carlos
/playlist?id=309562578,1000首好听英文歌：心中有爱 脚下生风,28万,misslilyann
/playlist?id=306397077,【节奏控】那些超带感的音乐,29270万,原点FM
/playlist?id=146852233,【绝美人声+完美电音】，触电节奏一秒倾心~,1684万,莫小懒_
/playlist?id=715662722,婚礼暖场 | 你很有天赋 跟我结婚好了,22万,咕噜咀嚼C
/playlist?id=2320144876,炸了 ！炸了 ！炸了 ！Swag极品,418万,Rootskool
/playlist?id=399136850,迷幻-盯鞋-dream pop-后朋,45万,fake-ophelia
/playlist?id=2871863641,睡眠治愈曲 | 慵懒撩人，聆听入境,716万,后原
/playlist?id=7297818158,来自野生面包的溜车播放列表Vol.01,94234,野生面包本人
/playlist?id=2469559434,【欧美风】碧梨/霉霉/戳爷/比伯/萌德/断眉,398万,温柔叉烧
/playlist?id=2956701226,☄Jazz Piano☄经典爵士钢琴百首精选,59781,Gondor-Modor
/playlist?id=7635360476,欧美慵懒R&B｜夕阳挂在海岸上空,1229,永远ok丨
/playlist?id=7701440920,重金属硬摇滚｜在咆哮中颤栗,1346,夏日与晚安君
/playlist?id=6684024967,橘味汽水°旋律中弥漫着柑橘清香,103万,樱桃味音乐
/playlist?id=7636463730,假期攻略 | 如何把旅行玩出仪式感,13938,Dream_d7
/playlist?id=7752276645,2022世界杯 | 用音乐感受足球的热血澎湃,349万,Justin爱吃水煮鱼
/playlist?id=3233910969,美国魔力红乐队,11万,山东-老刘
/playlist?id=3026238005,慵懒爵士乐：享受懒床瘫家好时光,257万,鱼饼好吃耶
/playlist?id=4872825924,洗澡.收拾房间.打扫卫生.化妆.护肤,231万,lalinmoon--w
/playlist?id=2819596401,夏日清爽的响指节奏，给心情好好放个假吧,886万,原点FM
/playlist?id=7433846767,惬意时光丨做个浪漫的白日梦想家,14万,Bzstrive
/playlist?id=2954657473,下辈子做一只咖啡馆的猫，听着音乐扭着懒腰,106万,olly的牙缝
/playlist?id=7547375593,林肯公园主唱去世五周年，致敬曾经闪耀的星,13万,Justin爱吃水煮鱼
/playlist?id=7642881939,电子Hi-Fi｜晨练时刻〄热身 精神清新剂,1170,蛋壳Maxd
/playlist?id=7769294822,踢球专用|踢球专用超燃bgm,107,Just-7ccc
/playlist?id=6911164439,醇法语·爵士味老派奇趣复古趴,55万,Doksana
/playlist?id=6880840869,少年感||保持热爱，阳光也能变得温柔,81万,JealousBoy
/playlist?id=2388670214,「什么该被聆听? 」——在夜晚的青年大街,152万,_FURTUR_
/playlist?id=23266907,随身携带咖啡馆～惬意无限循环,73万,会跳的咖啡豆
/playlist?id=6625988279,孤岛情书｜涌入梦境扉页的白昼相思,43万,Bzstrive
/playlist?id=2463761414,精选欧美电子☄| 感受深邃内心的旋律,304万,倒闭的才华有限公司
/playlist?id=6787155036,[欢快男嗓]温柔沉迷侵入心底！,100万,JealousBoy
/playlist?id=2963717607,节奏控 | 神仙音律，瞬间开启心动模式,570万,鱼骨与飞鸟集
/playlist?id=7695294668,美式晚安曲 | 温柔歌声 将带入梦乡,32834,Dream_d7
/playlist?id=5134994,无法拒绝的英文歌曲 十星级推荐,289万,雷击天下
/playlist?id=5451679698,控球 节奏 打球时听的歌 ＃ 控卫,837万,IODIY
/playlist?id=3037028414,Coffee|酒宴|舞会|Vlog|高 级 感BGM,15862,沈星辰co
/playlist?id=2499249150,冷门佳曲：宛如梦境般的迷幻嗓音,330万,mayuko然
/playlist?id=7597133,一人一首成名曲【欧美版】,86万,DJ-W凯瑟琳
/playlist?id=490764742,民谣老炮儿：苍老的灵魂最有味道,18万,YouTube热门日推
/playlist?id=2335993921,清晨起来打开窗，心情美美哒,721万,孤独中清醒
/playlist?id=98384522,美国乡村经典冠军曲,116万,hjutfbv
/playlist?id=5459842929,欧美|咖啡店里放的音乐,60万,sosoio-
/playlist?id=395678641,每个噪到死的摇滚乐队都有一首柔情到哭的歌,522万,梦到了所有人的梦
/playlist?id=2394125021,请随机播放，切歌算你赢,1951万,leyoonafr
/playlist?id=6984793894,独立民谣｜拂去喧嚣，追逐内心的宁静,77316,summermidnights
/playlist?id=939581816,每一首都能单曲循环的欧美经典流行歌曲,429万,Ricardo_YLY
/playlist?id=59570166,布鲁斯殿堂级大师,84万,YouTube热门日推
/playlist?id=2484415186,起床/健身/洗澡/醒脑/开车/跑步/通勤,618万,三韦三
/playlist?id=4901099218,欧美HipHop当下流行RAP(建议随机播放）,66万,阿天不钓鱼
/playlist?id=2101476924,NEFFEX 超燃神曲,131万,在下林凡
/playlist?id=58916643,唱歌的诗人，独自优雅,48万,YouTube热门日推
/playlist?id=2122279649,那些曾经在Billboard上爆红的HipHop———,1352万,火属
/playlist?id=24344383,[ 运动音乐 ] 脂肪与美貌不可兼得,700万,柠檬酸自知
/playlist?id=5361129558,【欧美】让你一秒倾心的神级电音❤️,63万,RuHIgeKatze
/playlist?id=316587388,Jazz•最舒缓的咖啡伴侣,251万,yin雪燕
/playlist?id=2175493416,「食色盛宴」极诱心扉，撩红耳根的性感旋律,508万,PEachhhh0624
/playlist?id=4946118590,Alec Benjamin (斑鸠),50万,飞快的耶芙
/playlist?id=53558869,当春风吹进民谣里【欧美篇】,160万,Sunshine-Miss-lin
/playlist?id=12981779,复 古 浪 潮 时 间,96万,雰川水也
/playlist?id=7751965724,疲惫的成年人，值得拥有自己的“游乐场”,21683,吃鳗鱼饭嘛_
/playlist?id=54609532,可以陪你循环一整天的【欧美大叔嗓】系列①,61万,by丶WhoIAm
/playlist?id=7599748711,〖欧美女嗓〗轻松海风吹过温柔的守候,48575,StriveToAchieve
/playlist?id=2336058537,超好听的英文歌单,446万,我鲁班不坑
/playlist?id=2410046979,钢琴伴奏 | 黑白琴键织就的灵动歌唱,223万,塔希提岛的月亮
/playlist?id=3215691096,[温柔系男声] 宝藏 | 冷门 小众英文歌,41万,不想吃桂圆-Rumice
/playlist?id=505651201,Deep House丨沉醉于梦境般的迷幻律动,598万,避难所Shelter
/playlist?id=2474594001,集泪瓶 · 望你遇到视你如瑰宝的爱人,401万,shakemyhead
/playlist?id=873778653,烟嗓范 | 用音记录故事（女声篇）,484万,滴嘀迪
/playlist?id=2005170767,【节奏控】一听就上瘾的惊艳女声②,908万,还你一个夏天
/playlist?id=779871756,开一家温暖的小店，听一些温暖的歌,962万,巴士十一号
/playlist?id=3097789970,慵懒小调 | 当阳光暖洋洋的洒在草地上,1598万,Acetylspiramycin
/playlist?id=2363219927,Folk Rock｜摩登与复古交织的旧时光,290万,猫头罐与六便士
/playlist?id=6837106742,卧室音乐|难得周末 把生活调成自己喜欢频道,159万,AkashiAshes
/playlist?id=622700756,把耳朵叫醒❤️！好听的欧美Acoustic合辑,102万,傻傻傻傻傻了
/playlist?id=2436059762,「惊艳电子·旋律控」一听倾心 爱不释耳❶,318万,塔希提岛的月亮
/playlist?id=60378509,欧美系百听不厌的神曲「节奏控精选」,1662万,lightsV
/playlist?id=5017409561,沙发音乐｜慵懒惬意的小资格调,494万,Rhaast
/playlist?id=7588082450,小众微醺 | 于日暮轻拾细碎温柔,17697,Dream_d7
/playlist?id=2877430180,「民谣/欧美」 温柔治愈英文歌 收藏向♡,111万,安以然养成计划
/playlist?id=482798821,最爱骚蓝（各个风格布鲁斯以及老摇滚）,30万,Digos_Huggoo
/playlist?id=7703107112,欧美Rap说唱神曲｜奏战歌，全体起立！,2396,夏日与晚安君
/playlist?id=2097947168,玫瑰全都给你 可不可以把你给我？,903万,NickyRomero
/playlist?id=2140976267,99°C耳朵怀孕系列,3036万,三月咖喱
/playlist?id=89520378,随节奏悦动哼唱的R&B,59万,生活委员
/playlist?id=2078306916,【游戏bgm】中 单 の 处 刑 曲.,280万,超天酱真的太棒啦
/playlist?id=4969008301,另类R&B | 私藏 杂食性取向,62420,神的少女灬
/playlist?id=560017896,欧美|百听不厌的英文歌,273万,然叔的旅行听歌日记
/playlist?id=5142266799,蜜桃慕斯✘诱人嗓音与清甜质感,174万,樱桃味音乐
/playlist?id=2968982695,【黑胶vip专属】欧美会员歌单,153万,_豆腐花_
/playlist?id=5219028932,复古潮流|文艺青年狂想曲,100万,Spectual
/playlist?id=939320758,深情布鲁斯，浓情老酒馆。,2068万,帐号已注销
/playlist?id=5205862998,落叶之秋 微风徐来 所有美好不期而至,65万,樱桃味音乐
/playlist?id=813527004,California dreaming | 悠闲惬意的慵懒曲调,255万,最渣男友
/playlist?id=92889121,德语歌曲精选集,52万,Schwarzwaelder-Kirschtoertchen
/playlist?id=5817888,Westlife (西城男孩）经典单曲,460万,随风入梦
/playlist?id=709889148,打游戏bgm 丨 什么运营节奏，我只想gank,1098万,元量空处
/playlist?id=2825077157,宝藏电音 | 清新电音与惊艳女声的完美融合,178万,樱桃味音乐
/playlist?id=4877064917,音乐时光机 | 黑人乐团进化史,33万,Keung13
/playlist?id=813333839,打游戏必备| 感受这场听觉盛宴!,2655万,chaz1
/playlist?id=560609382,『加州公路』皮卡夕阳与微风，生活不止苟且,2086万,帐号已注销
/playlist?id=40468930,超级好听的英文歌,185万,real晓龙
/playlist?id=106135633,设计师工作时爱听的歌,1070万,CeciliaHsin
/playlist?id=4894076787,欧美慵懒向｜ 独行的人总会遇到有趣的人,278万,懒瑟不懒
/playlist?id=5377394548,圣诞月的歌 | 把雪花和星星都挂在圣诞树上,105万,与银河对视
/playlist?id=7754546335,「After Lounge」天台音乐歌单,519,金汤力电台
/playlist?id=2514136633,[安德烈波切利Andrea Bocelli演唱合集],17万,属七先生
/playlist?id=2524826899,前奏控 | 三秒沉沦 先声夺人,641万,塔希提岛的月亮
/playlist?id=5482520359,Acoustic | 柔和纯净，清澈自然,75万,月光唱片
/playlist?id=6947774912,错乱下的粒子漫游,66万,lOriagxN
/playlist?id=2903182988,〖提神醒脑，抗疲劳〗燃说唱\持续更新,392万,赛赛尔啊
/playlist?id=2690487072,慵懒风R&B||是能迷死人的英文歌！,523万,Mus木肆
/playlist?id=2081768956,那些为电音画龙点睛的惊艳女Vocals,617万,薛定谔的缝纫机
/playlist?id=156157272,【辐射4】钻石城电台完全曲目,145万,来我厨房
/playlist?id=869655720,存在即女王 | 来人啊 把本宫的BGM呈上,1593万,KillBunny
/playlist?id=41711125,节奏入耳 开口便心动,953万,Maggie妙妙妙
/playlist?id=150016273,旋律超好听的英文歌曲,94万,Perseverance___
/playlist?id=123816281,「欧美Live」惊艳现场版，嗨到停不下来!,3202万,Llstener
/playlist?id=2653881464,戳爷/断眉/比伯/萌德/黄老板/霉霉/碧梨,258万,是社长吖
/playlist?id=5352857836,钢琴演绎 | 冬日静坐在火炉旁享受舒缓节奏,123万,空山鹤行
/playlist?id=865468321,Novo Amor•冰岛之声,90万,十二号充电星球
/playlist?id=7763435856,世界杯 | 球迷心中的最佳战歌,166,我为电狂
/playlist?id=2116417781,开口沉醉 · 慵懒迷幻的欧美女声,2929万,贰拾壹阿-
/playlist?id=6860294730,soft breath | 沉溺温柔音海.,120万,周瑜zhouz
/playlist?id=4870390692,酒吧暖场音乐(酒吧必放),71万,网易丁久
/playlist?id=5142913200,我将玫瑰藏于身后，时刻期盼着与你赴约,748万,mayuko然
/playlist?id=448372545,「欧美惊艳翻唱」唤醒沉睡的耳朵,1614万,单音系
/playlist?id=29093466,唱诗的歌手--Leonard Cohen,211万,完美的灵魂
/playlist?id=2904040578,Taylor Swift | 歌曲全收录,69万,莓学家
/playlist?id=7690481474,-❥驾车必备｜比酒驾更危险的是嗨驾,1653,Radio-Music
/playlist?id=2252096304,美剧【球手们】Ballers.全五季,24375,恰如你所爱
/playlist?id=608338804,Trap/ 匪帮说唱/精神毒剂,1165万,Kimdolll
/playlist?id=4915336524,动感节拍 | 摇头晃脑快乐加倍,453万,薄荷猫晒太阳
/playlist?id=5289570267,【Acoustic】坠入断电后的温暖梦境,222万,不过沉沦而已
/playlist?id=78529193,健身力量增肌有氧减脂无氧HIIT必备 | 持续,4611万,喵星人搬来的救兵
/playlist?id=7579565421,[大胆、个性、自我] 风格多元的欧美说唱,25482,xxxRayi
/playlist?id=833033988,超好听的英文歌（节奏控）,898万,LEVIqs
/playlist?id=2791365839,☄Jazz Bar☄爵士酒吧御用曲目精选,43万,Gondor-Modor
/playlist?id=2880017077,碧梨/比伯/猴西/霉霉/水果/A妹/戳爷/Lauv/,154万,和我看日出麼
/playlist?id=170300335,本人写作学习歌单（全英文歌单）,50万,海边的Manchester_
/playlist?id=2156628089,我可是个健身女孩呢,132万,六一酱bb
/playlist?id=21410334,获得过21个冠军歌曲.乡村音乐”优雅巨人.Do,719万,你先去洗洗
/playlist?id=7746210650,欧美民谣｜寂静的夜好像没那么难熬了,8898,音乐热评吧
/playlist?id=323001404,「欧美」撩拨前奏控 独特得欲罢不能,1775万,冬瑾-
/playlist?id=587468955,把温柔唱成了英文歌，融化了星河,683万,八月夏末_
/playlist?id=5306118951,冬 | 漫步在荒原 我想找一棵栖息的树,137万,最爱洋甘菊
/playlist?id=776178471,“慵懒时光 与我的猫想你”,308万,Xthousis6
/playlist?id=7443746229,渐进音律｜能量幻粉中的躁动不羁,91021,Martin网易云Carlos
/playlist?id=2545643843,《凛冬集》· 清辉素雪 淡远岁月,132万,塔希提岛的月亮
/playlist?id=2460198581,「长更」百老汇音乐剧精选合辑,28万,楼船夜雪天
/playlist?id=7676443281,公路之歌｜让“行”变成一种时尚方式,19986,夏日与晚安君
/playlist?id=5043357778,跑步时听了像打鸡血,58471,故事文案
/playlist?id=15937024,Josh Turner 阳光派 重低音男声乡村音乐,48万,灵魂归处
/playlist?id=102809647,空灵纯净的女声，柔和舒缓的旋律,43万,米虫-小蚊子丶一只呆雯纸
/playlist?id=2548910628,潮汐视界‖deep progressive HOUSE,14万,亦喂亦EVEPHY
/playlist?id=1984008418,复古FUNK节奏踩点,202万,乔治先生的复古酒馆
/playlist?id=7223126828,Melody Rap｜Trap&B｜旋律说唱｜顶级旋律,40万,BlackCarrion
/playlist?id=370565965,北欧之音 | 圣洁仙境 极地光下精灵在歌唱,371万,Xthousis6
/playlist?id=934792457,「英伦摇滚」唱片中的昔日时光,896万,xept
/playlist?id=902685899,我走路带风，可以这么形容,992万,橙红色的大马哈鱼
/playlist?id=6861094124,焦虑舒缓剂丨清空杂绪 乘云漫游,32943,丨IIIIIIIIII丨
/playlist?id=2462787672,『欧美民谣』净化心灵，澄澈的浅吟呢喃,125万,一生向海
/playlist?id=5465168735,「化妆/洗澡」女孩子当然是草莓味的!,587万,iambeiqing
/playlist?id=5373116087,R&B SOUL深陷温柔 ,161万,是贝拉阿
/playlist?id=2203162613,Jazz hiphop雅痞专属社交名片,220万,卧室坐家
/playlist?id=2936255937,倾吐隐秘情绪｜百位R&B歌手精选,509万,蜜糖男孩
/playlist?id=5066163208,Synthwave｜穿梭于未来世界的午夜霓虹,58万,烈雨
/playlist?id=517438933,前奏就让你沦陷的电音和神级Remix【慎点】,4726万,ModernTony
/playlist?id=751735722,『欧美』单曲循环百遍都听不腻的撩耳男声,349万,冷森Listen
/playlist?id=3204720807,欧美宝藏音乐推荐（精挑细选）,19万,抖音博主lookatme
/playlist?id=3099335800,熬夜写作业必备醒脑歌单（英文）,1611万,喜爱吃糖的小小高
/playlist?id=3060659920,英伦情调|深海中的温柔孤岛,244万,Unexplainable
/playlist?id=2728603095,爵士/蓝调/迷幻/杂 『Tea Time御用歌单』,10775,双眼皮精咦
/playlist?id=5171865284,欧美小众丨解锁轻盈雾感格调深邃女声,133万,summermidnights
/playlist?id=160065334,『阿卡贝拉』换种方式演绎欧美热单,689万,ZellaDay
/playlist?id=2485813539,圣诞节丨星级酒店必备背景音乐,383万,你过来鸭biu
/playlist?id=818563810,林肯公园主唱离世 | 我努力过 但终究徒劳,2139万,welphenEDM
/playlist?id=2342277912,蓝莓味气泡水°,345万,-TRTan-
/playlist?id=7777634767,怀旧金曲｜盘点欧美经典电影歌曲,166,Bzstrive
/playlist?id=95242467,『欧美』哈哈 抖腿患者找欢乐来了,101万,PURPOSEAndy
/playlist?id=6589049163,BOOMSHAKE丨微醺Hiphop,154万,tan4ko
/playlist?id=642475802,人声哼唱Drop|来自梦境天堂之声的呼唤,200万,盯鞋人
/playlist?id=104454670,抒情摇滚•心底深处最柔情的呐喊,38万,yin雪燕
/playlist?id=5287079581,NINJA上海小众HipHop私密歌单,23万,SpinninK
/playlist?id=3005435,史上最动人的怀旧英文歌,204万,无涯知音
/playlist?id=118368964,【女声&节奏】抓耳MAX，听即爱上,462万,日代千鹤
/playlist?id=6651291251,英文 特异独行 小众且宝藏,27万,STBS_
/playlist?id=15163713,百年奥斯卡金曲珍藏版&英文老歌,2156万,bl1985
/playlist?id=2813982533,适合夜晚和小酒馆的抒情英文歌。,93万,liesome
/playlist?id=833517095,Jfla小姐姐的翻唱，超级好听,106万,你算哪块小甜饼
/playlist?id=2177013824,超燃 游戏歌单（带动全场）,1222万,I琦玉老师I
/playlist?id=110362235,绝对经典浪漫的爵士音乐合集,1006万,BOB_G
/playlist?id=2669325401,【英文】燃爆全场的英文歌曲，嗨到天亮！,433万,到月球上走走
/playlist?id=6853860682,Justin Bieber | 欧美乐坛里坚实的潮流认证,30万,云音乐VIP
/playlist?id=7685513468,精选英文车载DJ音乐,1594,芳心收集人士
/playlist?id=7675448958,二十首经典反战歌曲,2002,音乐想象家
/playlist?id=2079143192,美式慵懒||A Thousand Years,128万,月亮成长时
/playlist?id=49595022,金属Riff有够狠,37万,帅到掉渣
/playlist?id=6876163018,欧美流行｜那些一开口就沉溺的宝藏男声_,185万,Felixcis_
/playlist?id=309410027,◢ 跑步歌单｜不用找了都在这里,577万,上癮失眠
/playlist?id=6834680751,欧美||治愈男友嗓，属于你心窝的宝藏,17万,JealousBoy
/playlist?id=551902217,「欧美清新电子」让人无法抗拒的美妙旋律,1163万,海岛度假Santorini
/playlist?id=7626261289,salem ilese私藏｜颠覆听感的超A女声,44万,salem_ilese
/playlist?id=4308248,最好听的网易云抒情欧美100首,925万,正小守
/playlist?id=602046634,【HipHop是生活】欧美说唱精选,89万,Onyx丶
/playlist?id=6635182893,致女生°别否定自己 你真的特别好,31万,樱桃味音乐
/playlist?id=2171281194,踢球专用 | 聆听优质的足球BGM,57万,Dream_d7
/playlist?id=810770171,Marilyn Manson玛丽莲曼森精选Top45,225万,川-集
/playlist?id=2208056597,觉得好听的英音美音其实是真的好听,161万,-gxy-_
/playlist?id=4875057255,榜单杀神DaBaby [ Trap TV ],47152,TrapTV
/playlist?id=2364146680,提神醒脑 疯狂抖腿魔性摇头.GIF,4826万,鹿白川
/playlist?id=7257116526,开口跪 | 侵入耳膜的欧美风歌曲,358万,Chingching丶
/playlist?id=7755856004,欧美民谣情|一束阳光暖在心头,119,StriveToAchieve
/playlist?id=631897004,海伦司helens御用歌单,200万,梦屿吧
/playlist?id=3086342439,夜間兜风 | Urban Contemporary,88万,Magigie
/playlist?id=7130001802,So bxtchy‖拽姐的美式甜心说唱,282万,芝士焗小熊_
/playlist?id=2880622744,文艺派 | 藏在诗集里的奇妙幻想,132万,olly的牙缝
/playlist?id=107970347,R&B | 很喜欢的一些节奏蓝调,43万,Nokop
/playlist?id=731254934,Future House‖生活需要仪式感,208万,壹阐
/playlist?id=7130287263,慵懒惬意｜清新复古的法式小调,29776,PLATONIC-梦清的理想国
/playlist?id=2684495358,英伦摇滚 | 反叛与温柔间优雅的降落,200万,塔希提岛的月亮
/playlist?id=4796585,ZARA专卖店背景音乐精选合辑,84万,正小守
/playlist?id=951773914,单曲循环♻️性感到爆的俄语男声,62万,有姊
/playlist?id=5245145538,藏在音乐剧中的惊艳女声～,75万,楼船夜雪天
/playlist?id=633615256,『开口跪』好听又不知道名字的英文歌,124万,Sakura_2017
/playlist?id=2485993756,钢琴深情弹唱 · 琴音绕梁 我依旧思念你,255万,shakemyhead
/playlist?id=491047613,美国乡村音乐最经典的44首歌曲,285万,惊波微澜
/playlist?id=9730150,一杯咖啡的静谧小时光，漫漫舒心,41万,暮色dusk
/playlist?id=7684833530,深夜emo☹我的快乐 死了,4009,蛋壳Maxd
/playlist?id=2057923710,公路音乐|纵情追逐梦想与远方,407万,卧室坐家
/playlist?id=2907212090,浪漫黄昏|夕阳总会温柔地落在你肩上,527万,Acetylspiramycin
/playlist?id=49242031,小酒馆的微醺需要腔调和情怀,2479万,齊宣王啃牛角
/playlist?id=5342515288,心动电子丨糖度100%撩耳甜系女声,35万,summermidnights
/playlist?id=2445603633,『抄作业』一个人一只笔一个晚上一场奇迹~,300万,小藏c
/playlist?id=2725980330,穿上法式复古裙的慵懒午后,104万,阿诺小森
/playlist?id=2789292193,健身跑步BGM,488万,HaPNy_
/playlist?id=2632007068,温暖少年音 · 叙述甜甜的少年心事,368万,shakemyhead
/playlist?id=615350798,hiphop『进口好货』,342万,xy耀
/playlist?id=7711556423,➤Ghetto House(G-house)黑暗降临♪,411,FIZOFAOUEZ
/playlist?id=2477437664,自律使人美丽 运动是最好的化妆品,464万,mayuko然
/playlist?id=6871860305,健身房燃料，释放你的多巴胺！｜Narwal™,196万,NarwalMusic
/playlist?id=6990875883,【2021 Indie Rock】年终精选,71159,伦敦酒吐座
/playlist?id=3013629069,来剂忘忧药 | 祝你活的随性而又洒脱,205万,空气很颓废
/playlist?id=6885030145,欧美说唱「令 人 上 头 的 hip-hop 艺 术」,110万,AlvaroSoler_Official
/playlist?id=2572103899,骑行歌单|听节奏 世界万物皆肃清,22万,kemomi
/playlist?id=7673333465,-❥『车载必备』跟着节奏飞速行驶,83,Radio-Music
/playlist?id=2447909095,什么啊？这么好听！？,166万,听完这首早点睡zzz
/playlist?id=3224375889,硬汉柔情｜徜徉于耳际的乡村情调,38万,Rhaast
/playlist?id=4946409687,『Beauty』花丛后散落的是浪漫的深情,73万,landsa
/playlist?id=389535278,【入门向】那些经典的音乐剧主题曲,119万,辞雀
/playlist?id=7186580607,R&B♡保持清醒的灵魂 总会遇到契合的人,93872,流萤与诗
/playlist?id=2414960807,内容引起极度舒适,839万,食人奶奶-
/playlist?id=3228267859,温柔晚安曲 | 我想在梦里飞向宇宙的另一边,1067万,后原
/playlist?id=3229185779,『午安·舒适/放松』仿佛置身于乡野牧场,515万,羊羊小毛衣
/playlist?id=2475949405,PBR&B欧美另类节奏与布鲁斯歌手大全,8633,韭菜君总是如此慵懒
/playlist?id=475190202,【柔情金属】硬汉们的似水柔情，无尽悲伤,674万,夕阳下的盛宴
/playlist?id=7747631598,【大师之作】听感 | 艺术 | 音乐性,187,YeahAyy
/playlist?id=421974129,「酥骨女嗓」如痴如醉深入骨髓,62万,JonathanHyden
/playlist?id=2821845830,浪漫欧美 | 藏着喜欢，被你眼中的星河照亮,169万,后原
/playlist?id=17608797,Stacey Kent 世界一流爵士歌手,36万,随风入梦
/playlist?id=4915292456,十秒沦陷手册 揽下全天的单曲循环,302万,薄荷猫晒太阳
/playlist?id=2768213177,安静耐听欧美日推,85万,Chihiroxjl
/playlist?id=134839472,♚车载奢靡享受Deep House深度灵魂潮牌慢摇,4402万,环球电子Universal-EDM
/playlist?id=7690415805,精选超好听的英文歌曲 超级温柔的英文歌♡,330,小颖盼盼
/playlist?id=22288837,林肯公园（LinkinPark）【经典】,131万,kevinhan_
/playlist?id=13936490,【欧美】58首世界顶级音乐-好音乐、随心听,66万,米虫-小蚊子丶一只呆雯纸
/playlist?id=361338397,「蓝调布鲁斯」老酒馆的暧昧情调 ₁,1203万,如花一般绽放丶
/playlist?id=2959412217,超火英文歌 | 精准卡点 slay全场,774万,小小小屎壳郎
/playlist?id=6976173486,欧美英文｜旋律 节奏 律动 氛围,57769,张以晨_
/playlist?id=163150274,高能燃脂•假期健身跑步必备BGM,2600万,yin雪燕
/playlist?id=750115024,这节奏，听着就想跳舞！,3617万,吴雪龙
/playlist?id=2872125986,『神级现场』让人泪目的欧美经典live,620万,十三逆旅Cobain
/playlist?id=599475959,迷幻说唱｜毒性说唱中的迷幻氛围,47万,CuiZuHao
/playlist?id=421463878,欧美·抒情丨、潺湲在心底流淌的歌,462万,丶卡布丨奇诺彡
/playlist?id=2648146064,美式复古↣慵懒海风 甜甜假日,114万,Riyc_siiv
/playlist?id=104506733,「浓情布鲁斯」老男人的沧桑性感 ₃,193万,如花一般绽放丶
/playlist?id=163664981,【女声电音】 来自柔美＋动感的灵魂冲击,609万,Medicine丶
/playlist?id=7648217171,恋爱启蒙 | 音流编制 花季绮丽,2728,Dream_d7
/playlist?id=820129311,欧美女声 · 女孩子的嘴唇是棉花糖做的,383万,shakemyhead
/playlist?id=19798754,被欧美殿堂级天后俘获的瞬间♬,192万,阿茶jy
/playlist?id=7549215499,夜晚治愈电子｜嘘！抗疲劳音韵来袭,56879,Martin网易云Carlos
/playlist?id=2865562039,熬夜打游戏必备buff，建议随机播放,218万,不完整的k
/playlist?id=7700402106,美剧【边缘世界】The.Peripheral,4489,恰如你所爱
/playlist?id=2020356066,【不要让战斗停下来】超燃英文歌系列,917万,Cass-的翅膀
/playlist?id=2788012762,疗愈人心的温柔嗓音：愿你美梦好眠,399万,mayuko然
/playlist?id=814812699,欧美 | 前奏跪 × 开口脆,12361万,迟到情书
/playlist?id=543364,那些迷死萝莉的大叔声音,97万,gzcat
/playlist?id=940060073,Maroon5(魔力红)热单(百听不厌),87万,-彭于晏的鹏
/playlist?id=569499475,情歌小王子Charlie Puth,407万,原点FM
/playlist?id=473751218,想要生活有乐趣，头上必须带点绿,1271万,rukig
/playlist?id=384206821,『女声电音』星空下的幸存者,210万,Vicverse
/playlist?id=2993354249,30秒必有高潮点,564万,极品鱼子酱
/playlist?id=47957113,听经典老歌、忆童年往事。,65万,摇滚兰兰
/playlist?id=2033988554,小众欧美 很难不爱,35812,我没有熬夜
/playlist?id=2065793008,燃向欧美｜置于彻底绝地 方可重生,460万,咬口奶油
/playlist?id=2346197510,【欧美流行歌曲★】百听不厌♡,365万,Nuyoah_1007
/playlist?id=619169084,BBA专供-电驾(持续更新),1865万,品味無期
/playlist?id=7784690718,Tropical House☀清爽律动，解压良药,46,Martin网易云Carlos
/playlist?id=372726128,温 柔 舒 缓 | 睡 觉 专 用,802万,艾琳艾德勒丶
/playlist?id=7746595335,雨夜漫游企划☔疗愈残碎过往,42,Martin网易云Carlos
/playlist?id=7722820715,安静的美好 | 享受生活片刻静谧,113,迷藏lb
/playlist?id=4914616532,【jazz hiphop】浪漫与自由的共生,53万,伊奥尼亚之音
/playlist?id=81490236,精选入耳便爱的R&B II,31万,DJ-W凯瑟琳
/playlist?id=4888920141,老叁音乐的歌单,88万,老叁音乐
/playlist?id=5188658975,后朋复兴 ‖ 桀骜不逊的复古黑暗美学,21万,英格兰的童话
/playlist?id=3132831247,一个健身女孩的{跑步歌单},687万,Gv-Mira
/playlist?id=3086599778,网易云评论最多英文TOP100,1625万,蚕豆音乐娘
/playlist?id=76484247,电影中的一生，情迷与心碎。,190万,后浪漫Petrichor
/playlist?id=170821865,你值得收藏的【美式乡村音乐】持续更新,64万,RockyChen若琪
/playlist?id=126338465,健身必备，莱维贝贝,68万,和熠林
/playlist?id=7423201955,秀场氛围｜论气场全开的正确方式,15万,Bzstrive
/playlist?id=393431172,HVOB（干净深入Vocal Deep House）,27万,PurifiedOrigin
/playlist?id=7546292115,Melodic Dubstep｜旋律回响贝斯,22929,电音发动机
/playlist?id=649048229,绵绵不绝的温柔，循环不止的女声♡゛,2567万,网抑晕音约丷
/playlist?id=2908702865,爱与浪漫随时为公主奉献,79万,_-爱在日出前
/playlist?id=7676964233,听一首让你的DNA动了的英文歌,502,Sachie-Fang
/playlist?id=2175448390,化妆必备BGM,896万,韩喵喵唔
/playlist?id=5257884616,超凶的匪帮说唱，把头摇断,77万,K_A_L_I
/playlist?id=2774009329,Country | 自驾旅行，赏乡野风情,204万,蜜糖男孩
/playlist?id=6735957509,【欧美】高燃·澎湃激昂，振奋人心,102万,-FUSU-
/playlist?id=2337455529,斯莱特林•Slytherin丨优雅的野心家,490万,Annipog
/playlist?id=780350188,【 老 酒 馆 角 落 慵 懒 的 猫 】,927万,西风后
/playlist?id=551575908,『TrapSoul』最新最全 TrapSoul 更新ING,15万,VEEZiE_WYGD
/playlist?id=39817919,[安德烈.波切利]~美声精选,24万,一缕炊烟
/playlist?id=2148497305,脑内Party | 这才是我想要的Deep House,76万,Grandir_v
/playlist?id=2661670902,“我爱你”用音乐剧要怎么说❤️,39万,楼船夜雪天
/playlist?id=7694912177,Chroma 糖果色的世界｜浪漫又清新,116,夏日与晚安君
/playlist?id=7779592620,轻快小调｜开启快乐模式让烦恼飘散,76,Bzstrive
/playlist?id=2722953071,一个让人心情变好的歌单,298万,爱吃柚子sa
/playlist?id=6813112165,『欧美精选』爱于前奏 死于高潮,327万,小软溪
/playlist?id=5202336447,心动无前奏丨动感气氛 秒听倾心,51万,summermidnights
/playlist?id=5141058596,欧美烟嗓｜灵魂唱腔，心醉微醺节奏,334万,BAEK-J
/playlist?id=6512394,欧美顶尖音乐盛典-100首,54万,DJ-W凯瑟琳
/playlist?id=6723317623,“一旦喜欢小众 你就注定孤独”,156万,后原
/playlist?id=18277271,红遍全球的好歌曲合集 Ⅱ 【欧美】,71万,山猫先森
/playlist?id=488653672,贾斯汀比伯精选,350万,莫哔咯
/playlist?id=7528878507,极致踩点｜电能助燃，赛博节奏曲,11万,Martin网易云Carlos
/playlist?id=7389092203,微醺欧美：玫瑰沉溺晚霞色彩的海浪,95万,圆嘟嘟小甜饼
/playlist?id=7422225535,夏日露营｜嫩绿的草坪、阳光、微风,56308,Bzstrive
/playlist?id=2162365304,早晨公交车上提神醒脑的曲儿,318万,AKA江直树
/playlist?id=7716181476,放空指南 | 享受云间般的温柔轻浮,422,迷藏lb
/playlist?id=6798491388,欧洲流行｜聆听欧洲前沿的时尚节奏,177万,Zaraaccess
/playlist?id=2246462833,励志摇滚 · 人生本是永无止境的攀登,785万,xept
/playlist?id=6651165601,一秒入耳｜欧美经典英文老歌,65万,知心0316
/playlist?id=2565338106,来杯下午茶·午后小息|欧美,17174,炒菜放点盐
/playlist?id=7710146260,秋日物语 | 凉风冷烛，落叶夕阳,21565,olly的牙缝
/playlist?id=3207281164,嗨999+ 忍不住抖腿的欧美神曲 旋律控,1247万,販賣限定_
/playlist?id=6877266722,自习室『防浮剂』高效率必备｜Narwal™,25万,NarwalMusic
/playlist?id=2994969325,『早安·晨之歌』万物生长，鸟儿欢唱,215万,羊羊小毛衣
/playlist?id=6996167283,[治愈英文]没有名字的夜晚,462万,帐号已注销
/playlist?id=7198659793,2021年度欧美最佳单曲,87万,网易云音乐
/playlist?id=412726007,Rap Trap,99万,90BPM
/playlist?id=7033532707,【拽姐出街】 | 辣妹必备~♥,317万,firstt丶
/playlist?id=6650079901,细腻听感丨跃入斑斓的节奏布鲁斯潜游,95万,你丢的月亮吗
/playlist?id=117476538,耳机控_节奏控_欧美女声,307万,未闻鲸名
/playlist?id=2956257032,经典爵士蓝调，沉醉的浓情和优柔,41万,小小的荷尖
/playlist?id=5217031096,JAZZ | 咖啡重度依赖者必备,255万,挖掘机夫斯基
/playlist?id=459944247,|空灵| 清晨在森林里苏醒①,550万,-TRTan-
/playlist?id=101354498,时尚运动•必备节奏,3215万,yin雪燕
/playlist?id=5393073002,「格莱美」历届最佳摇滚歌曲全收录,12万,流亡大街
/playlist?id=2080022187,R&B｜交织于慵懒声线中的撩人节奏,466万,凯蒂肥狸
/playlist?id=2082082867,[ 蓝调典藏 ] 现代布鲁斯音乐Blues精选,44879,浪潮1917
/playlist?id=7723744859,那些年追过的美剧.,313,阿泽要开心_
/playlist?id=7607731713,欧美R&B｜微醺中带着浪漫的情调,31万,Listento丶music
/playlist?id=4988210,我在咖啡店等一个人,16万,雰川水也
/playlist?id=7760852881,『抒情女电调频』㏘开启焕然心声,28,Martin网易云Carlos
/playlist?id=825264113,黑胶//百老汇雨夜之舞,260万,七香
/playlist?id=2292605138,New Music Friday | 周五新歌汇,183万,环球音乐国际部
/playlist?id=482618078,又拽又燃，走路带风那种！,461万,因为头像太吓人而被网易云屏蔽了
/playlist?id=104533395,「欧美说唱」殿堂级欧美hip hop,68万,Leonsamiz
/playlist?id=532342423,20年155首最动听的格莱美金曲,332万,楼下二狗家的橘猫
/playlist?id=7575209471,酷酷的歌 ♡ 要悄悄努力 然后惊艳所有人,59827,月亮藏不住的小情绪
/playlist?id=962525610,[欧美]燃爆性强节奏踩点歌曲（不定期更新）,141万,谢顶墨少爷
/playlist?id=2581499900,2018欧美精选节奏｜满载而归的音乐盛宴,492万,原点FM
/playlist?id=7764166708,玫瑰情调 | 浪漫 至死不渝 温柔 绝对臣服,28,月亮藏不住的小情绪
/playlist?id=2101635690,清新电子丨柠檬汽水般夏日心情,374万,摇滾乌托邦
/playlist?id=7587903972,健身进行时：澎湃电音，高效燃脂♕,15538,Martin网易云Carlos
/playlist?id=6688006416,R&B/Hip-Hop/旋律/氛围/节奏/律动,763万,Wizme伍子木
/playlist?id=2261004329,【欧美】单曲循环的欧美慢摇,110万,想去西南吹風
/playlist?id=7768593296,电子夜游企划✰步入空灵赛博幻想,96,Martin网易云Carlos
/playlist?id=5220741653,音乐剧中念念不忘的对唱,60万,楼船夜雪天
/playlist?id=7238482918,2022全年抖腿指南，愿信仰的火光洒满人间,31431,NickyRomero
/playlist?id=3009720097,「慵懒午后」一朵花的欢颜与一剪流光的浪漫,228万,后原
/playlist?id=5053782850,欧美缱绻 | 于日暮轻拾细碎温柔,197万,衾琳儿
/playlist?id=2483048351,说唱风格-匪帮说唱（Gangsta Rap),26万,Rootskool
/playlist?id=964473930,Charlie Puth 热歌榜单,39600,Charlie_Puth资讯
/playlist?id=2483032555,HipHop风格-西海岸说唱（West Coast Rap),27万,Rootskool
/playlist?id=826270047,『 情迷电子〃女声 』,30万,狗勺
/playlist?id=2952888131,忧郁诗人 | 灵魂迷失在漫长的航海线上,103万,后原
/playlist?id=7679804178,冬日暖歌｜冬日如约而至，你和好运也是,271,夏日与晚安君
/playlist?id=2051455779,賊适合跳power jazz『舞曲』,575万,AKA牛肉
/playlist?id=6753881336,开口即是惊艳｜独特惑人嗓音 一秒沦陷,482万,北方易先生
/playlist?id=400545189,喜迎世界杯丨那些经久不衰的足球音乐,55万,让胡路与萨尔图
/playlist?id=7762434183,欧美流行热歌榜 旋律开口跪 单曲循环宝藏,28,内啡肽_Fentany丨
/playlist?id=5058285471,发呆指南｜听这些才能放空大脑,231万,Rhaast
/playlist?id=8695128,Sade （莎黛）温暖灵魂的爵士味,49万,随风入梦
/playlist?id=4924723995,响指节奏 Ι 一秒入耳的小众英文歌集,131万,仲冬二二
/playlist?id=2133712293,生活，太需要这些节奏了,1142万,北漂老妖
/playlist?id=2011369036,欧美风 | 电子音乐与空灵女声的化学反应,480万,lNTENSITY
/playlist?id=5087141437,“落俗不可避免，浪漫至死不渝”,85万,后原
/playlist?id=421946109,布兰妮，值得循环一辈子。,58万,Tellervo_Ahtisaari
/playlist?id=7776895320,『世界杯主题曲』用音乐感受足球的热血澎湃,78,知心0316
/playlist?id=2564248252,【心动模式】i see your monster.,422万,也不再计较灵魂
/playlist?id=7447020140,晨跑专享｜燃脂节奏，甩掉卡路里,17411,Martin网易云Carlos
/playlist?id=7748368327,全民运动｜让汗水挥洒赛道 让热爱永不停歇,246,ClairoToday
/playlist?id=2866624523,运动打球必备/节奏控,2929万,Sunhope_
/playlist?id=36283027,俄罗斯乐队大赏丨后朋*冷潮*盯鞋*梦泡,53万,非正常人類研究員
/playlist?id=7501985279,SUMMER TIME！畅饮清新电子☀,40289,Martin网易云Carlos
/playlist?id=7762785663,【阿尔巴尼亚流行歌曲】精选火爆热歌分享,880,Falling_you_babe
/playlist?id=12367803,欧美·乡村民谣精选集,16万,墨_子陳
/playlist?id=310106794,【英文歌】让人陶醉的美妙旋律,671万,原点FM
/playlist?id=7734231540,Bedroom Pop:探寻那些从卧室走出的宝藏之声,47,ClairoToday
/playlist?id=7748789171,太空主题配乐 | 漫游浩瀚宇宙空间,94,迷藏lb
/playlist?id=466636631,『健身必备』有氧运动跑步歌单,109万,HUMAN00
/playlist?id=7777823500,北欧民谣 | 庭院里的午后阳光,140,常迷道故
/playlist?id=313654205,天涯小酒馆，听时光流淌的声音。,399万,风滚核桃
/playlist?id=890571828,点击突破10亿MV，每首都是经典,322万,s洛小可
/playlist?id=116760200,欧美深情男声，极致男声盛宴。,399万,意清风
/playlist?id=7697816586,白日梦想家：清新电子の秋日漫游,103,Martin网易云Carlos
/playlist?id=484565722,深夜做作业听点安静的歌(欧美为主),224万,韩酒黔
/playlist?id=2631594249,音乐钓鱼平台,48万,由J教主
/playlist?id=7303904039,节奏控 | R&B/Hip-Hop/旋律/节奏/律动,10759,LBOOM_
/playlist?id=4725256,奥斯卡金曲精选,152万,雷击天下
/playlist?id=1997166218,「骨子里的 Old School」,452万,重慶二流仔
/playlist?id=740322272,神级Remix | 歌曲的重生,963万,怪兽Sound
/playlist?id=2840343300,爵士柔情，你我氤氲漫舞,27万,冷空气yu琉璃
/playlist?id=7294643985,苏翊鸣的宝藏曲库|恭喜小苏冬奥夺冠,278万,Ari非官方指定美黑师
/playlist?id=367632186,「爵士女伶」咖啡馆的微醺慵懒,245万,如花一般绽放丶
/playlist?id=566300165,车载音乐酒吧（每日更新）,122万,平平爱吃牛肉
/playlist?id=2253271412,Leave me alone丨谁都有想消失独处的时候吧,411万,下次陪我看月亮
/playlist?id=2089326276,『Eminem』 姆爷全集无重复ﾉ☀,27万,Chloris-Cc
/playlist?id=3228481862,Progressive House| 梦幻渐进，即刻陷落,80万,夕日向暖
/playlist?id=7771069451,浪漫主义 | 近在咫尺的温柔不止于此,20,月亮藏不住的小情绪
/playlist?id=6598065320,坠入欧美音海 沉溺每个心动瞬间,568万,桜珩
/playlist?id=7769865625,【节奏控】那些超带感的音乐（小众版）,127,执剑稳
/playlist?id=2050976156,Beautiful Now【音乐的力量·电音】,2295万,Damons_Xsw
/playlist?id=75950020,梦龙，林肯公园，魔力红，共和，酷玩，翻闹,770万,DTake-it
/playlist?id=533360996,J.Fla（最美侧颜）小姐姐翻唱,1083万,你弹吉他的样子很好看
/playlist?id=6846722392,MoodShop R&B歌曲推荐,28004,CoraZuo
/playlist?id=307288515,【英文】五十首最好听的英文歌曲,87万,逝水月夜流
/playlist?id=831028363,PotPvP,19万,Ayearr
/playlist?id=2158769818,吟 游 记 ‖只 想 做 个 堕 落 的 诗 人,388万,猫头罐与六便士
/playlist?id=500262668,【开口就醉倒】电子极致人声,1392万,ModernTony
/playlist?id=6702660581,【旋律控】超级好听的欧美良曲,1078万,kasim-zz
/playlist?id=2988424860,享受极致的温柔【欧美】,57万,52Hertzzz-
/playlist?id=2769139351,欧美R&B ：耳畔划过爱情的轻语,145万,蜜糖男孩
/playlist?id=508920727,气场全开，黑人音乐 就是这么拽,971万,GossipNeverEnds
/playlist?id=2880742579,ɴɪɢʜᴛ ᴠɪʙᴇ·今夜，一起坠入温柔的浪漫海洋,445万,Kaleidoscott
/playlist?id=7716344240,欧美情歌 | 奔赴一场浪漫的邀约,232,迷藏lb
/playlist?id=124092915,【毒 • 魇 • 瘾】箱底私藏，无限循环。,2270万,LE_CHAT
/playlist?id=7463646845,Future Bass｜空灵氛围，希冀梦幻曙光,11万,Martin网易云Carlos
/playlist?id=2704384438,「欧美·女声」令你的多巴胺跳起舞来,144万,_稀粥-
/playlist?id=867929764,全球大型电音节万人齐蹦迪炸场神曲,46万,Rootskool
/playlist?id=79216964,【欧美】慵懒嗓音，迷上复古,147万,烈雨
/playlist?id=515852041,《玩游戏》节奏满满，秀麻全场,631万,An_ovo-
/playlist?id=57241932,♬ 随心远行 完美公路音乐,58万,-安玥冉
/playlist?id=2167735496,西海岸说唱(G-Funk，硬核，拉美）,37万,K-arot
/playlist?id=3019716374,【欧美说唱歌单】英文说唱欧美hiphop精选,11万,kyrielong8
/playlist?id=47654223,【爵士】穿上西装，欢快抖腿,32万,生活委员
/playlist?id=803289718,Progressive Trance丨坠入浩瀚的星辰大海,14万,Shamania_Hermesavic_Raven
/playlist?id=6939992949,那些超燃超带感的英文歌【精选合集no.4】,113万,梅赛德斯XS
/playlist?id=6593498389,•欧美 | 日落余晖 静听女声醉耳,58万,不考上武大不改名
/playlist?id=3111369145,抱歉 我天生很酷 走路带风,369万,鹿白川
/playlist?id=416676558,那些好听不知道名字的神曲｛持续更新｝,1004万,胡英俊o
/playlist?id=5429892797,周末宅家必备：慵懒午后降躁指南,342万,轻漫故事社
/playlist?id=2986748152,月亮今天不营业啦，所以我来对你说晚安,282万,BAEK-J
/playlist?id=534193762,⚡️ EDM | 欧美女声与电音的极致碰撞,70万,-GIRLHOODH-
/playlist?id=7597165886,管阿姨的开车歌单|私藏小众歌,15万,管阿姨AUNTGUAN
/playlist?id=5289527048,『迷幻空灵』泠泠历历，恰似你给我的幻想,10427,W-沙丁鱼罐头
/playlist?id=7750042402,2023年第65届格莱美提名名单,66万,Ari非官方指定美黑师
/playlist?id=328055539,「欧美女声」十秒爱上系列①,1057万,包子慧灬
/playlist?id=7086047234,【rap】拽姐化妆时听的歌,125万,PURPLECOLDAIR
/playlist?id=7495901995,沉浸女电律动，沁入霓虹秘境,33560,Martin网易云Carlos
/playlist?id=7585481452,边走边听丨越过人海 追赶一场落日,34560,丨IIIIIIIIII丨
/playlist?id=7394906170,微醺唱片|遇到快餐时代里小火慢炖的粥了吗,36万,流萤与诗
/playlist?id=2813508916,音乐诗集｜ 静似风悠扬，淡如水潺湲,71万,野寁
/playlist?id=128621523,吟游北欧古谣，聆听岁月悠长。,109万,格调时代
/playlist?id=308388512,「奇怪的坏品味」,195万,郑丁禾
/playlist?id=2215062828,英文燃曲/燃向剪辑专用/踩点,372万,专业捅哥一千年
/playlist?id=11962860,经典英文歌曲之此情可待,101万,云梦的天空
/playlist?id=7375073896,慵懒微醺苦橙酒 | 沉浸式小众pop,38787,迷藏lb
/playlist?id=833435091,欧美说唱|好货私藏,312万,AkashiAshes
/playlist?id=2423552205,复古派对|一起跳欢乐的舞蹈吗,48万,卧室坐家
/playlist?id=6753617354,2021年全英音乐奖获奖及表演曲目,30万,Keung13
/playlist?id=66568325,「 DEEP/BASS/FUTURE 深夜低音 」,125万,G4LIFE-AK
/playlist?id=768288955,【西语】听说是与上帝交流的语言(滑稽）,395万,爱音乐的suri
/playlist?id=383337783,【现代乡村音乐】你不能错过的好音乐,396万,Romantic丶Notes
/playlist?id=2658719297,Billie Eilish-私藏的小精灵藏不住了,863万,pseudoephedrine
/playlist?id=580609099,【节奏控】开口脆，节奏跪,161万,救救小C
/playlist?id=7677636852,We Fell In Love In October,469,BillieEilishCJD
/playlist?id=7536942402,高燃时刻｜节奏卡点☢丝血反杀！,67484,Martin网易云Carlos
/playlist?id=19292229,那些温暖的沧桑声音,112万,杰子DJie
/playlist?id=95589265,商演活动暖场专用歌单,376万,游歌日记
/playlist?id=6724978342,『欧美流行』始于前奏—开口跪,830万,达达乌帕谷
/playlist?id=5257653220,Funky Party | 放克复古狂欢夜·Funk,26万,来我厨房
/playlist?id=837456,听一句就会喜欢上的英文歌,5134万,山北大洋
/playlist?id=450916650,欧美｜感受异国民谣带来的温柔,364万,赋魅
/playlist?id=7661054939,Midtempo♢如镜星空 灵动至璨中速绽放,191,内啡肽_Fentany丨
/playlist?id=7701925626,【车载舞曲｜混合系列】最新歌曲推荐,2333,UzmirOffical
/playlist?id=116617957,带电的时装走Show配乐~,128万,桔橘不甜
/playlist?id=2439826061,精选轻柔英文歌 【睡觉专用】,478万,日进斗金___
/playlist?id=7781874285,电子星空游侠♠热身/放松/散步Style,46,Martin网易云Carlos
/playlist?id=7744249457,【欧美节奏控】醒脑节奏，压力释放剂,3133,coderlzq
/playlist?id=798130521,「电子•女声」惊艳耳际，一秒倾心,5231万,佛山李嘉欣
/playlist?id=5138657,如陈年老酒般醇厚的大叔音。,174万,徊梦
/playlist?id=148489369,越冬越运动•好身材虐出来,1049万,yin雪燕
